date,time,country_code,country,event,reference,actual,previous,revised,consensus,forecast,category,symbol,event_id,url,actual_raw,actual_numeric,previous_raw,previous_numeric,revised_raw,revised_numeric,consensus_raw,consensus_numeric,forecast_raw,forecast_numeric
2025-03-10,12:20 AM,ID,indonesia,Motorbike Sales YoY,FEB,4.0%,-5.5%,®,,-4%,motorbike sales,IDNMOTSAL,374968,https://tradingeconomics.com/indonesia/motorbike-sales,4.0%,0.04,-5.5%,-0.055,®,,,,-4%,-0.04
2025-03-10,03:35 AM,JP,japan,5-Year JGB Auction,,1.157%,0.982%,,,,5 year note yield,JAPAN5YEANOTYIE,391989,https://tradingeconomics.com/japan/5-year-note-yield,1.157%,0.01157,0.982%,0.00982,,,,,,
2025-03-10,05:00 AM,JP,japan,Coincident Index Prel,JAN,116.2,116.1,®,,117,coincident index,JAPANCOIIND,374777,https://tradingeconomics.com/japan/coincident-index,116.2,116.2,116.1,116.1,®,,,,117,117.0
2025-03-10,05:00 AM,JP,japan,Leading Economic Index Prel,JAN,108.0,107.9,®,108.4,108.7,leading economic index,JAPANLEACOMIND,374778,https://tradingeconomics.com/japan/leading-economic-index,108.0,108.0,107.9,107.9,®,,108.4,108.4,108.7,108.7
2025-03-10,05:00 AM,KR,south korea,3-Year KTB Auction,,2.586%,2.615%,,,,3 year note yield,GVSK3Y,391317,https://tradingeconomics.com/south-korea/3-year-note-yield,2.586%,0.025859999999999998,2.615%,0.026150000000000003,,,,,,
2025-03-10,06:00 AM,JP,japan,Eco Watchers Survey Current,FEB,45.6,48.6,,48.5,49,economy watchers survey,JAPANECOWATSUR,390445,https://tradingeconomics.com/japan/economy-watchers-survey,45.6,45.6,48.6,48.6,,,48.5,48.5,49,49.0
2025-03-10,06:00 AM,JP,japan,Eco Watchers Survey Outlook,FEB,46.6,48.0,,,48.6,economy watchers survey outlook,JPNEWSO,390442,https://tradingeconomics.com/japan/economy-watchers-survey-outlook,46.6,46.6,48.0,48.0,,,,,48.6,48.6
2025-03-10,07:00 AM,DE,germany,Balance of Trade,JAN,€16B,€20.7B,,€21B,€21.5B,balance of trade,GRTBALE,374714,https://tradingeconomics.com/germany/balance-of-trade,€16B,16000000000.0,€20.7B,20700000000.0,,,€21B,21000000000.0,€21.5B,21500000000.0
2025-03-10,07:00 AM,DE,germany,Exports MoM,JAN,-2.5%,2.5%,®,,,exports,GRTBEXE,374711,https://tradingeconomics.com/germany/exports,-2.5%,-0.025,2.5%,0.025,®,,,,,
2025-03-10,07:00 AM,DE,germany,Industrial Production MoM,JAN,2%,-1.5%,®,1.5%,1.5%,industrial production mom,GERMANYINDPROMOM,374795,https://tradingeconomics.com/germany/industrial-production-mom,2%,0.02,-1.5%,-0.015,®,,1.5%,0.015,1.5%,0.015
2025-03-10,07:00 AM,DE,germany,Imports MoM,JAN,1.2%,1.6%,®,,,imports,GRTBIME,374713,https://tradingeconomics.com/germany/imports,1.2%,0.012,1.6%,0.016,®,,,,,
2025-03-10,07:00 AM,TR,turkey,Industrial Production YoY,JAN,1.2%,7%,,,8.0%,industrial production,TUIPIYOY,375040,https://tradingeconomics.com/turkey/industrial-production,1.2%,0.012,7%,0.07,,,,,8.0%,0.08
2025-03-10,07:00 AM,TR,turkey,Industrial Production MoM,JAN,-2.3%,5%,,,-2.9%,industrial production mom,TURKEYINDPROMOM,375038,https://tradingeconomics.com/turkey/industrial-production-mom,-2.3%,-0.023,5%,0.05,,,,,-2.9%,-0.028999999999999998
2025-03-10,09:00 AM,IT,italy,PPI MoM,JAN,1.6%,0.6%,,,0.3%,producer price inflation mom,ITAPPIM,374851,https://tradingeconomics.com/italy/producer-price-inflation-mom,1.6%,0.016,0.6%,0.006,,,,,0.3%,0.003
2025-03-10,09:00 AM,IT,italy,PPI YoY,JAN,4.4%,1.1%,,,0.5%,producer prices change,ITALYPROPRICHA,374856,https://tradingeconomics.com/italy/producer-prices-change,4.4%,0.044000000000000004,1.1%,0.011000000000000001,,,,,0.5%,0.005
2025-03-10,12:00 PM,MX,mexico,Consumer Confidence,FEB,46.3,46.6,®,,46,consumer confidence,MXCFCONF,374744,https://tradingeconomics.com/mexico/consumer-confidence,46.3,46.3,46.6,46.6,®,,,,46,46.0
2025-03-10,01:00 PM,EA,euro area,ECB Nagel Speech,,,,,,,interest rate,,391994,https://tradingeconomics.com/euro-area/interest-rate,,,,,,,,,,
2025-03-10,02:00 PM,FR,france,12-Month BTF Auction,,2.287%,2.239%,,,,52 week bill yield,FRANCE5WBY,369398,https://tradingeconomics.com/france/52-week-bill-yield,2.287%,0.022869999999999998,2.239%,0.02239,,,,,,
2025-03-10,02:00 PM,FR,france,3-Month BTF Auction,,2.395%,2.396%,,,,3 month bill yield,FRANCE3MONBILYIE,369396,https://tradingeconomics.com/france/3-month-bill-yield,2.395%,0.02395,2.396%,0.02396,,,,,,
2025-03-10,02:00 PM,FR,france,6-Month BTF Auction,,2.363%,2.339%,,,,6 month bill yield,FRANCE6MONBILYIE,369397,https://tradingeconomics.com/france/6-month-bill-yield,2.363%,0.023629999999999998,2.339%,0.02339,,,,,,
2025-03-10,03:00 PM,US,united states,Consumer Inflation Expectations,FEB,3.1%,3%,,,3.2%,inflation expectations,UNITEDSTAINFEXP,375016,https://tradingeconomics.com/united-states/inflation-expectations,3.1%,0.031,3%,0.03,,,,,3.2%,0.032
2025-03-10,03:30 PM,US,united states,3-Month Bill Auction,,4.200%,4.210%,,,,3 month bill yield,UNITEDSTA3MONBILYIE,369399,https://tradingeconomics.com/united-states/3-month-bill-yield,4.200%,0.042,4.210%,0.0421,,,,,,
2025-03-10,03:30 PM,US,united states,6-Month Bill Auction,,4.075%,4.135%,,,,6 month bill yield,UNITEDSTA6MONBILYIE,369400,https://tradingeconomics.com/united-states/6-month-bill-yield,4.075%,0.04075,4.135%,0.04135,,,,,,
2025-03-10,11:30 PM,AU,australia,Westpac Consumer Confidence Change,MAR,,0.1%,,,-0.3%,consumer confidence mom,AUSCCM,375657,https://tradingeconomics.com/australia/consumer-confidence-mom,,,0.1%,0.001,,,,,-0.3%,-0.003
2025-03-10,11:30 PM,AU,australia,Westpac Consumer Confidence Index,MAR,,92.2,,,92,consumer confidence,WMCCCONPCT,375658,https://tradingeconomics.com/australia/consumer-confidence,,,92.2,92.2,,,,,92,92.0
2025-03-10,11:30 PM,JP,japan,Household Spending MoM,JAN,,2.3%,,-1.9%,-0.4%,household spending mom,JPNHSM,374947,https://tradingeconomics.com/japan/household-spending-mom,,,2.3%,0.023,,,-1.9%,-0.019,-0.4%,-0.004
2025-03-10,11:30 PM,JP,japan,Household Spending YoY,JAN,,2.7%,,3.6%,3.6%,household spending,JAPANHOUSPE,374946,https://tradingeconomics.com/japan/household-spending,,,2.7%,0.027000000000000003,,,3.6%,0.036000000000000004,3.6%,0.036000000000000004
2025-03-10,11:50 PM,JP,japan,GDP Growth Annualized Final,Q4,,1.2%,,,2.8%,gdp growth annualized,JAPANGDPGROANN,374963,https://tradingeconomics.com/japan/gdp-growth-annualized,,,1.2%,0.012,,,,,2.8%,0.027999999999999997
2025-03-10,11:50 PM,JP,japan,GDP Growth Rate QoQ Final,Q4,,0.3%,,0.7%,0.7%,gdp growth rate,JGDPAGDP,374961,https://tradingeconomics.com/japan/gdp-growth,,,0.3%,0.003,,,0.7%,0.006999999999999999,0.7%,0.006999999999999999
2025-03-10,11:50 PM,JP,japan,GDP Capital Expenditure QoQ Final,Q4,,-0.1%,,0.3%,0.5%,gross fixed capital formation,JAPANGROFIXCAPFOR,374964,https://tradingeconomics.com/japan/gross-fixed-capital-formation,,,-0.1%,-0.001,,,0.3%,0.003,0.5%,0.005
2025-03-10,11:50 PM,JP,japan,GDP External Demand QoQ Final,Q4,,-0.1%,,0.7%,0.7%,gdp external demand contribution,JPNGEDC,374962,https://tradingeconomics.com/japan/gdp-external-demand-contribution,,,-0.1%,-0.001,,,0.7%,0.006999999999999999,0.7%,0.006999999999999999
2025-03-10,11:50 PM,JP,japan,GDP Price Index YoY Final,Q4,,2.4%,,2.8%,2.8%,gdp deflator,JAPANGDPDEF,374966,https://tradingeconomics.com/japan/gdp-deflator,,,2.4%,0.024,,,2.8%,0.027999999999999997,2.8%,0.027999999999999997
2025-03-10,11:50 PM,JP,japan,GDP Private Consumption QoQ Final,Q4,,0.7%,,0.1%,0.1%,consumer spending,JAPANCONSPE,374965,https://tradingeconomics.com/japan/consumer-spending,,,0.7%,0.006999999999999999,,,0.1%,0.001,0.1%,0.001
2025-03-10,,EA,euro area,,,,,,,,calendar,EUR CALENDAR,391915,https://tradingeconomics.com/euro-area/calendar,,,,,,,,,,
2025-03-10,,CN,china,,,,,,,,calendar,,391948,https://tradingeconomics.com/china/calendar,,,,,,,,,,
2025-03-10,,CN,china,,,,,,,,calendar,CHN CALENDAR,391940,https://tradingeconomics.com/china/calendar,,,,,,,,,,
2025-03-10,,BR,brazil,BCB Focus Market Readout,,,,,,,interest rate,BZSTSETA,369395,https://tradingeconomics.com/brazil/interest-rate,,,,,,,,,,
2025-03-10,,BR,brazil,Federal Tax Revenues,JAN,,BRL261.3B,,,,government revenues,BRAZILGOVREV,374050,https://tradingeconomics.com/brazil/government-revenues,,,BRL261.3B,261300000000.0,,,,,,
2025-03-10,,AR,argentina,Tax Revenue,FEB,,ARS15032B,,,,tax revenue,ARGENTINATAXREV,374542,https://tradingeconomics.com/argentina/tax-revenue,,,ARS15032B,15032000000000.0,,,,,,
2025-03-11,12:01 AM,GB,united kingdom,BRC Retail Sales Monitor YoY,FEB,,2.5%,,2.4%,2.3%,brc retail sales monitor yoy,GBRBRSMY,374617,https://tradingeconomics.com/united-kingdom/brc-retail-sales-monitor-yoy,,,2.5%,0.025,,,2.4%,0.024,2.3%,0.023
2025-03-11,12:30 AM,AU,australia,NAB Business Confidence,FEB,,4,,,6,business confidence,NABSCONF,375024,https://tradingeconomics.com/australia/business-confidence,,,4,4.0,,,,,6,6.0
2025-03-11,03:00 AM,ID,indonesia,Consumer Confidence,FEB,,127.2,,,127.5,consumer confidence,IDCCI,375091,https://tradingeconomics.com/indonesia/consumer-confidence,,,127.2,127.2,,,,,127.5,127.5
2025-03-11,05:00 AM,SG,singapore,MAS 12-Week Bill Auction,,,2.78%,,,,3 month bill yield,SGPYIELD3M,390336,https://tradingeconomics.com/singapore/3-month-bill-yield,,,2.78%,0.0278,,,,,,
2025-03-11,05:00 AM,SG,singapore,MAS 4-Week Bill Auction,,,2.78%,,,,1 month bill yield,SGPYIELD1M,390360,https://tradingeconomics.com/singapore/1-month-bill-yield,,,2.78%,0.0278,,,,,,
2025-03-11,06:00 AM,JP,japan,Machine Tool Orders YoY,FEB,,4.7%,,4.7%,3.5%,machine tool orders,JAPANMACTOOORD,374973,https://tradingeconomics.com/japan/machine-tool-orders,,,4.7%,0.047,,,4.7%,0.047,3.5%,0.035
2025-03-11,07:00 AM,TR,turkey,Retail Sales MoM,JAN,,0.4%,,,0.6%,retail sales mom,TURRetailSalesMoM,374986,https://tradingeconomics.com/turkey/retail-sales,,,0.4%,0.004,,,,,0.6%,0.006
2025-03-11,07:00 AM,TR,turkey,Retail Sales YoY,JAN,,13.5%,,,12.9%,retail sales yoy,TURRetailSalesYoY,374992,https://tradingeconomics.com/turkey/retail-sales-annual,,,13.5%,0.135,,,,,12.9%,0.129
2025-03-11,09:40 AM,ES,spain,3-Month Letras Auction,,,2.431%,,,,3 month bill yield,SPAIN3MBY,391725,https://tradingeconomics.com/spain/3-month-bill-yield,,,2.431%,0.024310000000000002,,,,,,
2025-03-11,09:40 AM,ES,spain,,,,2.248%,,,,calendar,ESP CALENDAR,391714,https://tradingeconomics.com/spain/calendar,,,2.248%,0.022480000000000003,,,,,,
2025-03-11,10:00 AM,US,united states,NFIB Business Optimism Index,FEB,,102.8,,101,102,nfib business optimism index,UNITEDSTANFIBUSOPTIN,375058,https://tradingeconomics.com/united-states/nfib-business-optimism-index,,,102.8,102.8,,,101,101.0,102,102.0
2025-03-11,10:30 AM,DE,germany,2-Year Schatz Auction,,,2.14%,,,,2 year note yield,GERMANY2YNY,390797,https://tradingeconomics.com/germany/2-year-note-yield,,,2.14%,0.021400000000000002,,,,,,
2025-03-11,12:00 PM,BR,brazil,Industrial Production MoM,JAN,,-0.3%,,0.4%,0.6%,industrial production mom,BRAZILINDPROMOM,374746,https://tradingeconomics.com/brazil/industrial-production-mom,,,-0.3%,-0.003,,,0.4%,0.004,0.6%,0.006
2025-03-11,12:00 PM,BR,brazil,Industrial Production YoY,JAN,,1.6%,,2.2%,2.4%,industrial production,BZIPYOYPCT,374748,https://tradingeconomics.com/brazil/industrial-production,,,1.6%,0.016,,,2.2%,0.022000000000000002,2.4%,0.024
2025-03-11,01:55 PM,US,united states,Redbook YoY,MAR/08,,6.6%,,,,redbook index,UNITEDSTAREDIND,369401,https://tradingeconomics.com/united-states/redbook-index,,,6.6%,0.066,,,,,,
2025-03-11,02:00 PM,US,united states,JOLTs Job Openings,JAN,,7.6M,,7.75M,7.5M,job offers,UNITEDSTAJOBOFF,374754,https://tradingeconomics.com/united-states/job-offers,,,7.6M,7600000.0,,,7.75M,7750000.0,7.5M,7500000.0
2025-03-11,02:00 PM,US,united states,JOLTs Job Quits,JAN,,3.197M,,,3.21M,job quits,USAJOBQUI,374755,https://tradingeconomics.com/united-states/job-quits,,,3.197M,3197000.0,,,,,3.21M,3210000.0
2025-03-11,02:15 PM,DE,germany,Bundesbank Köhler-Geib Speech,,,,,,,interest rate,,391998,https://tradingeconomics.com/germany/interest-rate,,,,,,,,,,
2025-03-11,03:30 PM,US,united states,,,,4.240%,,,,calendar,USD CALENDAR,392007,https://tradingeconomics.com/united-states/calendar,,,4.240%,0.0424,,,,,,
2025-03-11,04:00 PM,US,united states,,,,,,,,calendar,USD CALENDAR,390186,https://tradingeconomics.com/united-states/calendar,,,,,,,,,,
2025-03-11,05:00 PM,US,united states,3-Year Note Auction,,,4.300%,,,,3 year note yield,UNITEDSTA3YEANOTYIE,390237,https://tradingeconomics.com/united-states/3-year-note-yield,,,4.300%,0.043,,,,,,
2025-03-11,08:30 PM,US,united states,API Crude Oil Stock Change,MAR/07,,-1.455M,,,,api crude oil stock change,APICRUDEOIL,369402,https://tradingeconomics.com/united-states/api-crude-oil-stock-change,,,-1.455M,-1455000.0,,,,,,
2025-03-11,11:50 PM,JP,japan,BSI Large Manufacturing QoQ,Q1,,6.3%,,6.5%,8.0%,business survey index large manufacturing firms,JPNBSILMF,375022,https://tradingeconomics.com/japan/business-survey-index-large-manufacturing-firms,,,6.3%,0.063,,,6.5%,0.065,8.0%,0.08
2025-03-11,11:50 PM,JP,japan,PPI MoM,FEB,,0.3%,,-0.1%,0%,producer price inflation mom,JPNPPIM,375020,https://tradingeconomics.com/japan/producer-price-inflation-mom,,,0.3%,0.003,,,-0.1%,-0.001,0%,0.0
2025-03-11,11:50 PM,JP,japan,PPI YoY,FEB,,4.2%,,4%,4.1%,producer prices change,JAPANPROPRICHA,375021,https://tradingeconomics.com/japan/producer-prices-change,,,4.2%,0.042,,,4%,0.04,4.1%,0.040999999999999995
2025-03-11,,EA,euro area,,,,,,,,calendar,EUR CALENDAR,391923,https://tradingeconomics.com/euro-area/calendar,,,,,,,,,,
2025-03-11,,CN,china,,,,,,,,calendar,CHN CALENDAR,391941,https://tradingeconomics.com/china/calendar,,,,,,,,,,
2025-03-11,,ID,indonesia,Car Sales YoY,FEB,,-11.3%,,,-7%,car registrations,INDONESIACARREG,374967,https://tradingeconomics.com/indonesia/car-registrations,,,-11.3%,-0.113,,,,,-7%,-0.07
2025-03-11,,SA,saudi arabia,Industrial Production YoY,JAN,,2.1%,,,3.1%,industrial production,SRIPTY,374954,https://tradingeconomics.com/saudi-arabia/industrial-production,,,2.1%,0.021,,,,,3.1%,0.031
2025-03-11,,TR,turkey,Auto Production YoY,FEB,,-2.8%,,,,car production,,375120,https://tradingeconomics.com/turkey/car-production,,,-2.8%,-0.027999999999999997,,,,,,
2025-03-11,,TR,turkey,Auto Sales YoY,FEB,,-13.9%,,,-14.0%,total vehicle sales,TURKEYTOTVEHSAL,374662,https://tradingeconomics.com/turkey/total-vehicle-sales,,,-13.9%,-0.139,,,,,-14.0%,-0.14
2025-03-12,03:15 AM,ID,indonesia,Retail Sales YoY,JAN,,1.8%,,,0.4%,retail sales yoy,IDNRetailSalesYoY,375141,https://tradingeconomics.com/indonesia/retail-sales-annual,,,1.8%,0.018000000000000002,,,,,0.4%,0.004
2025-03-12,03:35 AM,JP,japan,20-Year JGB Auction,,,2.028%,,,,20 year bond yield,GJGB20Y,391964,https://tradingeconomics.com/japan/20-year-bond-yield,,,2.028%,0.02028,,,,,,
2025-03-12,07:00 AM,TR,turkey,Current Account,JAN,,$-4.65B,,,$-5.0B,current account,TUCAL,375041,https://tradingeconomics.com/turkey/current-account,,,$-4.65B,-4650000000.0,,,,,$-5.0B,-5000000000.0
2025-03-12,08:00 AM,ES,spain,Retail Sales MoM,JAN,,1.5%,,,-0.3%,retail sales mom,ESPRetailSalesMoM,374997,https://tradingeconomics.com/spain/retail-sales,,,1.5%,0.015,,,,,-0.3%,-0.003
2025-03-12,08:00 AM,ES,spain,Retail Sales YoY,JAN,,4%,,,3.2%,retail sales yoy,ESPRetailSalesYoY,374999,https://tradingeconomics.com/spain/retail-sales-annual,,,4%,0.04,,,,,3.2%,0.032
2025-03-12,08:45 AM,EA,euro area,ECB President Lagarde Speech,,,,,,,interest rate,,392001,https://tradingeconomics.com/euro-area/interest-rate,,,,,,,,,,
2025-03-12,10:00 AM,GB,united kingdom,10-Year Treasury Gilt Auction,,,4.808%,,,,government bond 10y,GUKG10,390012,https://tradingeconomics.com/united-kingdom/government-bond-yield,,,4.808%,0.04808,,,,,,
2025-03-12,10:10 AM,IT,italy,12-Month BOT Auction,,,2.323%,,,,52 week bill yield,ITALY5WBY,391386,https://tradingeconomics.com/italy/52-week-bill-yield,,,2.323%,0.02323,,,,,,
2025-03-12,10:30 AM,DE,germany,10-Year Bund Auction,,,2.52%,,,,government bond 10y,GDBR10,390812,https://tradingeconomics.com/germany/government-bond-yield,,,2.52%,0.0252,,,,,,
2025-03-12,10:30 AM,IN,india,Industrial Production YoY,JAN,,3.2%,,3.5%,3.4%,industrial production,INPIINDY,375071,https://tradingeconomics.com/india/industrial-production,,,3.2%,0.032,,,3.5%,0.035,3.4%,0.034
2025-03-12,10:30 AM,IN,india,Inflation Rate YoY,FEB,,4.31%,,4%,4.2%,inflation rate,INCPIINY,375072,https://tradingeconomics.com/india/inflation-cpi,,,4.31%,0.0431,,,4%,0.04,4.2%,0.042
2025-03-12,10:30 AM,IN,india,Manufacturing Production YoY,JAN,,3%,,,3.1%,manufacturing production,INDIAMANPRO,375075,https://tradingeconomics.com/india/manufacturing-production,,,3%,0.03,,,,,3.1%,0.031
2025-03-12,10:30 AM,IN,india,Inflation Rate MoM,FEB,,-0.97%,,,0.5%,inflation rate mom,INDIAINFRATMOM,375073,https://tradingeconomics.com/india/inflation-rate-mom,,,-0.97%,-0.0097,,,,,0.5%,0.005
2025-03-12,11:00 AM,US,united states,MBA 30-Year Mortgage Rate,MAR/07,,6.73%,,,,mortgage rate,UNITEDSTAMORRAT,369407,https://tradingeconomics.com/united-states/mortgage-rate,,,6.73%,0.0673,,,,,,
2025-03-12,11:00 AM,US,united states,MBA Mortgage Applications,MAR/07,,20.4%,,,,mortgage applications,UNITEDSTAMORAPP,369403,https://tradingeconomics.com/united-states/mortgage-applications,,,20.4%,0.204,,,,,,
2025-03-12,11:00 AM,US,united states,MBA Mortgage Market Index,MAR/07,,242.2,,,,mba mortgage market index,USAMMMI,369406,https://tradingeconomics.com/united-states/mba-mortgage-market-index,,,242.2,242.2,,,,,,
2025-03-12,11:00 AM,US,united states,MBA Mortgage Refinance Index,MAR/07,,784.2,,,,mba mortgage refinance index,USAMMRI,369404,https://tradingeconomics.com/united-states/mba-mortgage-refinance-index,,,784.2,784.2,,,,,,
2025-03-12,11:00 AM,US,united states,MBA Purchase Index,MAR/07,,144.5,,,,mba purchase index,USAMPI,369405,https://tradingeconomics.com/united-states/mba-purchase-index,,,144.5,144.5,,,,,,
2025-03-12,11:30 AM,BR,brazil,Gross Debt to GDP,JAN,,76.1%,,,76.2%,gross debt to gdp,BRAGDTG,374897,https://tradingeconomics.com/brazil/gross-debt-to-gdp-,,,76.1%,0.7609999999999999,,,,,76.2%,0.762
2025-03-12,11:30 AM,BR,brazil,Nominal Budget Balance,JAN,,BRL-80.372B,,BRL35.3B,BRL 19.0B,government budget value,BRAZILGOVBUDVAL,390649,https://tradingeconomics.com/brazil/government-budget-value,,,BRL-80.372B,-80372000000.0,,,BRL35.3B,35300000000.0,BRL 19.0B,19000000000.0
2025-03-12,12:00 PM,BR,brazil,Inflation Rate MoM,FEB,,0.16%,,1.3%,1.1%,inflation rate mom,BRAZILINFRATMOM,375074,https://tradingeconomics.com/brazil/inflation-rate-mom,,,0.16%,0.0016,,,1.3%,0.013000000000000001,1.1%,0.011000000000000001
2025-03-12,12:00 PM,BR,brazil,Inflation Rate YoY,FEB,,4.56%,,5%,4.9%,inflation rate,BZPIIPCY,375069,https://tradingeconomics.com/brazil/inflation-cpi,,,4.56%,0.045599999999999995,,,5%,0.05,4.9%,0.049
2025-03-12,12:30 PM,US,united states,Core Inflation Rate MoM,FEB,,0.4%,,0.3%,0.3%,core inflation rate mom,USACIRM,375080,https://tradingeconomics.com/united-states/core-inflation-rate-mom,,,0.4%,0.004,,,0.3%,0.003,0.3%,0.003
2025-03-12,12:30 PM,US,united states,Core Inflation Rate YoY,FEB,,3.3%,,3.2%,3.1%,core inflation rate,USACORECPIRATE,375081,https://tradingeconomics.com/united-states/core-inflation-rate,,,3.3%,0.033,,,3.2%,0.032,3.1%,0.031
2025-03-12,12:30 PM,US,united states,Inflation Rate MoM,FEB,,0.5%,,0.3%,0.3%,inflation rate mom,UNITEDSTAINFRATMOM,375076,https://tradingeconomics.com/united-states/inflation-rate-mom,,,0.5%,0.005,,,0.3%,0.003,0.3%,0.003
2025-03-12,12:30 PM,US,united states,Inflation Rate YoY,FEB,,3%,,2.9%,2.9%,inflation rate,CPI YOY,375078,https://tradingeconomics.com/united-states/inflation-cpi,,,3%,0.03,,,2.9%,0.028999999999999998,2.9%,0.028999999999999998
2025-03-12,12:30 PM,US,united states,CPI,FEB,,317.67,,319.17,319.3,consumer price index cpi,UNITEDSTACONPRIINDCP,375077,https://tradingeconomics.com/united-states/consumer-price-index-cpi,,,317.67,317.67,,,319.17,319.17,319.3,319.3
2025-03-12,12:30 PM,US,united states,CPI s.a,FEB,,319.086,,,320,cpi seasonally adjusted,USACSA,375079,https://tradingeconomics.com/united-states/cpi-seasonally-adjusted,,,319.086,319.086,,,,,320,320.0
2025-03-12,01:00 PM,BR,brazil,Car Production MoM,FEB,,-7.7%,,,,car production,,374916,https://tradingeconomics.com/brazil/car-production,,,-7.7%,-0.077,,,,,,
2025-03-12,01:00 PM,BR,brazil,New Car Registrations MoM,FEB,,-33.5%,,,,car registrations,,374913,https://tradingeconomics.com/brazil/car-registrations,,,-33.5%,-0.335,,,,,,
2025-03-12,01:45 PM,CA,canada,BoC Interest Rate Decision,,,3%,,2.75%,2.75%,interest rate,CCLR,389388,https://tradingeconomics.com/canada/interest-rate,,,3%,0.03,,,2.75%,0.0275,2.75%,0.0275
2025-03-12,01:45 PM,EA,euro area,ECB Nagel Speech,,,,,,,interest rate,,391995,https://tradingeconomics.com/euro-area/interest-rate,,,,,,,,,,
2025-03-12,02:30 PM,CA,canada,BoC Press Conference,,,,,,,interest rate,,389742,https://tradingeconomics.com/canada/interest-rate,,,,,,,,,,
2025-03-12,02:30 PM,US,united states,EIA Crude Oil Stocks Change,MAR/07,,3.614M,,,,crude oil stocks change,UNITEDSTACRUOILSTOCH,369411,https://tradingeconomics.com/united-states/crude-oil-stocks-change,,,3.614M,3614000.0,,,,,,
2025-03-12,02:30 PM,US,united states,EIA Gasoline Stocks Change,MAR/07,,-1.433M,,,,gasoline stocks change,UNITEDSTAGASSTOCHA,369410,https://tradingeconomics.com/united-states/gasoline-stocks-change,,,-1.433M,-1433000.0,,,,,,
2025-03-12,02:30 PM,US,united states,EIA Crude Oil Imports Change,MAR/07,,-0.054M,,,,crude oil imports,UNITEDSTACRUOILIMP,369415,https://tradingeconomics.com/united-states/crude-oil-imports,,,-0.054M,-54000.0,,,,,,
2025-03-12,02:30 PM,US,united states,EIA Cushing Crude Oil Stocks Change,MAR/07,,1.124M,,,,cushing crude oil stocks,UNITEDSTACCOS,369414,https://tradingeconomics.com/united-states/cushing-crude-oil-stocks,,,1.124M,1124000.0,,,,,,
2025-03-12,02:30 PM,US,united states,EIA Distillate Fuel Production Change,MAR/07,,-0.587M,,,,distillate fuel production,UNITEDSTADISFUEPRO,369408,https://tradingeconomics.com/united-states/distillate-fuel-production,,,-0.587M,-587000.0,,,,,,
2025-03-12,02:30 PM,US,united states,EIA Distillate Stocks Change,MAR/07,,-1.318M,,,,distillate stocks,UNITEDSTADISSTO,369409,https://tradingeconomics.com/united-states/distillate-stocks,,,-1.318M,-1318000.0,,,,,,
2025-03-12,02:30 PM,US,united states,EIA Gasoline Production Change,MAR/07,,0.464M,,,,gasoline production,UNITEDSTAGASPRO,369413,https://tradingeconomics.com/united-states/gasoline-production,,,0.464M,464000.0,,,,,,
2025-03-12,02:30 PM,US,united states,EIA Heating Oil Stocks Change,MAR/07,,-0.067M,,,,heating oil stocks,UNITEDSTAHOS,369416,https://tradingeconomics.com/united-states/heating-oil-stocks,,,-0.067M,-67000.0,,,,,,
2025-03-12,02:30 PM,US,united states,EIA Refinery Crude Runs Change,MAR/07,,-0.346M,,,,refinery crude runs,UNITEDSTAREFCRURUN,369412,https://tradingeconomics.com/united-states/refinery-crude-runs,,,-0.346M,-346000.0,,,,,,
2025-03-12,03:15 PM,EA,euro area,ECB Lane Speech,,,,,,,interest rate,,392002,https://tradingeconomics.com/euro-area/interest-rate,,,,,,,,,,
2025-03-12,03:30 PM,US,united states,,,,4.180%,,,,calendar,USD CALENDAR,390257,https://tradingeconomics.com/united-states/calendar,,,4.180%,0.0418,,,,,,
2025-03-12,04:00 PM,RU,russia,Inflation Rate MoM,FEB,,1.2%,,0.8%,1.0%,inflation rate mom,RUSSIAINFRATMOM,375131,https://tradingeconomics.com/russia/inflation-rate-mom,,,1.2%,0.012,,,0.8%,0.008,1.0%,0.01
2025-03-12,04:00 PM,RU,russia,Inflation Rate YoY,FEB,,9.9%,,10.1%,10.3%,inflation rate,RUCPIYOY,375132,https://tradingeconomics.com/russia/inflation-cpi,,,9.9%,0.099,,,10.1%,0.10099999999999999,10.3%,0.10300000000000001
2025-03-12,05:00 PM,US,united states,10-Year Note Auction,,,4.632%,,,,government bond 10y,USGG10YR,390241,https://tradingeconomics.com/united-states/government-bond-yield,,,4.632%,0.04632,,,,,,
2025-03-12,06:00 PM,US,united states,Monthly Budget Statement,FEB,,$-129B,,$-315B,$-290.0B,government budget value,UNITEDSTAGOVBUDVAL,390382,https://tradingeconomics.com/united-states/government-budget-value,,,$-129B,-129000000000.0,,,$-315B,-315000000000.0,$-290.0B,-290000000000.0
2025-03-12,11:00 PM,KR,south korea,Unemployment Rate,FEB,,2.9%,,,3.0%,unemployment rate,KOEAUERS,375089,https://tradingeconomics.com/south-korea/unemployment-rate,,,2.9%,0.028999999999999998,,,,,3.0%,0.03
2025-03-12,11:50 PM,JP,japan,Foreign Bond Investment,MAR/08,,¥1514.2B,,,,foreign bond investment,JAPANFORBONINV,369418,https://tradingeconomics.com/japan/foreign-bond-investment,,,¥1514.2B,1514200000000.0,,,,,,
2025-03-12,11:50 PM,JP,japan,Stock Investment by Foreigners,MAR/08,,¥-708.3B,,,,foreign stock investment,JAPANFORSTOINV,369417,https://tradingeconomics.com/japan/foreign-stock-investment,,,¥-708.3B,-708300000000.0,,,,,,
2025-03-12,,IN,india,Passenger Vehicles Sales YoY,FEB,,3.5%,,,,total vehicle sales,INDIATOTVEHSAL,375049,https://tradingeconomics.com/india/total-vehicle-sales,,,3.5%,0.035,,,,,,
2025-03-12,,OP,opec,,,,,,,,calendar,OPECALENDAR,390733,https://tradingeconomics.com/opec/calendar,,,,,,,,,,
2025-03-12,,ZA,south africa,,,,,,,,calendar,,391856,https://tradingeconomics.com/south-africa/calendar,,,,,,,,,,
2025-03-13,12:01 AM,GB,united kingdom,RICS House Price Balance,FEB,,22%,,20%,20.0%,rics house price balance,GBRRHPB,375135,https://tradingeconomics.com/united-kingdom/rics-house-price-balance,,,22%,0.22,,,20%,0.2,20.0%,0.2
2025-03-13,12:30 AM,AU,australia,Building Permits MoM Final,JAN,,0.7%,,6.3%,6.3%,building permits mom,AUSBPM,375025,https://tradingeconomics.com/australia/building-permits-mom,,,0.7%,0.006999999999999999,,,6.3%,0.063,6.3%,0.063
2025-03-13,12:30 AM,AU,australia,Private House Approvals MoM Final,JAN,,-3.0%,,1.1%,1.1%,private house approvals,AUSPHA,375023,https://tradingeconomics.com/australia/private-house-approvals-,,,-3.0%,-0.03,,,1.1%,0.011000000000000001,1.1%,0.011000000000000001
2025-03-13,02:30 AM,AU,australia,RBA Jones Speech,,,,,,,interest rate,,391868,https://tradingeconomics.com/australia/interest-rate,,,,,,,,,,
2025-03-13,05:00 AM,SG,singapore,6-Month T-Bill Auction,,,2.75%,,,,6 month bill yield,SGPYIELD6M,390295,https://tradingeconomics.com/singapore/6-month-bill-yield,,,2.75%,0.0275,,,,,,
2025-03-13,09:00 AM,FR,france,,,,,,,,calendar,FRA CALENDAR,391051,https://tradingeconomics.com/france/calendar,,,,,,,,,,
2025-03-13,09:00 AM,DE,germany,Bundesbank Köhler-Geib Speech,,,,,,,interest rate,,391999,https://tradingeconomics.com/germany/interest-rate,,,,,,,,,,
2025-03-13,09:30 AM,ZA,south africa,Gold Production YoY,JAN,,-8.4%,,,-6.0%,gold production,SOUTHAFRIGOLPRO,375209,https://tradingeconomics.com/south-africa/gold-production,,,-8.4%,-0.084,,,,,-6.0%,-0.06
2025-03-13,09:30 AM,ZA,south africa,Mining Production MoM,JAN,,-3.9%,,,-2.8%,mining production,SOUTHAFRIMINPRO,375208,https://tradingeconomics.com/south-africa/mining-production,,,-3.9%,-0.039,,,,,-2.8%,-0.027999999999999997
2025-03-13,09:30 AM,ZA,south africa,Mining Production YoY,JAN,,-2.4%,,,-3.0%,mining production,SOUTHAFRIMINPRO,375206,https://tradingeconomics.com/south-africa/mining-production,,,-2.4%,-0.024,,,,,-3.0%,-0.03
2025-03-13,09:50 AM,EA,euro area,ECB de Guindos Speech,,,,,,,interest rate,,392003,https://tradingeconomics.com/euro-area/interest-rate,,,,,,,,,,
2025-03-13,10:00 AM,EA,euro area,Industrial Production MoM,JAN,,-1.1%,,0.6%,0.5%,industrial production mom,EUROAREAINDPROMOM,375124,https://tradingeconomics.com/euro-area/industrial-production-mom,,,-1.1%,-0.011000000000000001,,,0.6%,0.006,0.5%,0.005
2025-03-13,10:00 AM,EA,euro area,Industrial Production YoY,JAN,,-2%,,-1%,-1.7%,industrial production,EUIPEMUY,375123,https://tradingeconomics.com/euro-area/industrial-production,,,-2%,-0.02,,,-1%,-0.01,-1.7%,-0.017
2025-03-13,10:10 AM,IT,italy,,,,,,,,calendar,ITA CALENDAR,391430,https://tradingeconomics.com/italy/calendar,,,,,,,,,,
2025-03-13,11:00 AM,ZA,south africa,Manufacturing Production MoM,JAN,,-2.4%,,,0.6%,industrial production mom,SOUTHAFRIINDPROMOM,375243,https://tradingeconomics.com/south-africa/industrial-production-mom,,,-2.4%,-0.024,,,,,0.6%,0.006
2025-03-13,11:00 AM,ZA,south africa,Manufacturing Production YoY,JAN,,-1.2%,,,1.6%,industrial production,SouthAfricaIP,375240,https://tradingeconomics.com/south-africa/industrial-production,,,-1.2%,-0.012,,,,,1.6%,0.016
2025-03-13,11:00 AM,TR,turkey,MPC Meeting Summary,,,,,,,interest rate,TUIBON,364312,https://tradingeconomics.com/turkey/interest-rate,,,,,,,,,,
2025-03-13,11:30 AM,BR,brazil,Bank Lending MoM,JAN,,1.4%,,,-0.3%,loan growth,BRAZILLOAGRO,374898,https://tradingeconomics.com/brazil/loan-growth,,,1.4%,0.013999999999999999,,,,,-0.3%,-0.003
2025-03-13,11:30 AM,TR,turkey,Foreign Exchange Reserves,MAR/07,,$94.76B,,,,foreign exchange reserves,TURKEYFOREXCRES,369419,https://tradingeconomics.com/turkey/foreign-exchange-reserves,,,$94.76B,94760000000.0,,,,,,
2025-03-13,12:00 PM,MX,mexico,Industrial Production MoM,JAN,,-1.4%,,0.2%,0.3%,industrial production mom,MEXICOINDPROMOM,375070,https://tradingeconomics.com/mexico/industrial-production-mom,,,-1.4%,-0.013999999999999999,,,0.2%,0.002,0.3%,0.003
2025-03-13,12:00 PM,MX,mexico,Industrial Production YoY,JAN,,-2.7%,,-1.8%,-2.0%,industrial production,MXIPTYOY,375068,https://tradingeconomics.com/mexico/industrial-production,,,-2.7%,-0.027000000000000003,,,-1.8%,-0.018000000000000002,-2.0%,-0.02
2025-03-13,12:30 PM,CA,canada,Building Permits MoM,JAN,,11%,,-4.8%,-2.0%,building permits mom,CANBPM,363521,https://tradingeconomics.com/canada/building-permits-mom,,,11%,0.11,,,-4.8%,-0.048,-2.0%,-0.02
2025-03-13,12:30 PM,US,united states,PPI MoM,FEB,,0.4%,,0.3%,0.3%,producer price inflation mom,USAPPIM,375262,https://tradingeconomics.com/united-states/producer-price-inflation-mom,,,0.4%,0.004,,,0.3%,0.003,0.3%,0.003
2025-03-13,12:30 PM,US,united states,Core PPI MoM,FEB,,0.3%,,0.3%,0.2%,core producer prices mom,USACPPM,375259,https://tradingeconomics.com/united-states/core-producer-prices-mom,,,0.3%,0.003,,,0.3%,0.003,0.2%,0.002
2025-03-13,12:30 PM,US,united states,Initial Jobless Claims,MAR/08,,221K,,225K,230.0K,initial jobless claims,IJCUSA,369420,https://tradingeconomics.com/united-states/jobless-claims,,,221K,221000.0,,,225K,225000.0,230.0K,230000.0
2025-03-13,12:30 PM,US,united states,Continuing Jobless Claims,MAR/01,,1897K,,,1910.0K,continuing jobless claims,UNITEDSTACONJOBCLA,369422,https://tradingeconomics.com/united-states/continuing-jobless-claims,,,1897K,1897000.0,,,,,1910.0K,1910000.0
2025-03-13,12:30 PM,US,united states,Core PPI YoY,FEB,,3.6%,,3.6%,3.5%,core producer prices yoy,USACPPY,375266,https://tradingeconomics.com/united-states/core-producer-prices-yoy,,,3.6%,0.036000000000000004,,,3.6%,0.036000000000000004,3.5%,0.035
2025-03-13,12:30 PM,US,united states,Jobless Claims 4-week Average,MAR/08,,224.25K,,,228.0K,jobless claims 4-week average,UNITEDSTAJC4A,369421,https://tradingeconomics.com/united-states/jobless-claims-4-week-average,,,224.25K,224250.0,,,,,228.0K,228000.0
2025-03-13,12:30 PM,US,united states,PPI,FEB,,147.716,,,148.1,producer prices,UNITEDSTAPROPRI,389766,https://tradingeconomics.com/united-states/producer-prices,,,147.716,147.716,,,,,148.1,148.1
2025-03-13,12:30 PM,US,united states,"PPI Ex Food, Energy and Trade MoM",FEB,,0.3%,,,0.2%,ppi ex food energy and trade services mom,USAPEFEATSM,375264,https://tradingeconomics.com/united-states/ppi-ex-food-energy-and-trade-services-mom,,,0.3%,0.003,,,,,0.2%,0.002
2025-03-13,12:30 PM,US,united states,"PPI Ex Food, Energy and Trade YoY",FEB,,3.4%,,,3.4%,ppi ex food energy and trade services yoy,USAPEFEATSY,375268,https://tradingeconomics.com/united-states/ppi-ex-food-energy-and-trade-services-yoy,,,3.4%,0.034,,,,,3.4%,0.034
2025-03-13,12:30 PM,US,united states,PPI YoY,FEB,,3.5%,,3.3%,3.4%,producer prices change,UNITEDSTAPROPRICHA,375257,https://tradingeconomics.com/united-states/producer-prices-change,,,3.5%,0.035,,,3.3%,0.033,3.4%,0.034
2025-03-13,02:30 PM,US,united states,EIA Natural Gas Stocks Change,MAR/07,,-80Bcf,,,,natural gas stocks change,UNITEDSTANATGASSTOCH,369423,https://tradingeconomics.com/united-states/natural-gas-stocks-change,,,-80Bcf,-80000000000.0,,,,,,
2025-03-13,03:30 PM,US,united states,4-Week Bill Auction,,,4.230%,,,,4 week bill yield,UNITEDSTA4WEEBILYIE,369425,https://tradingeconomics.com/united-states/4-week-bill-yield,,,4.230%,0.042300000000000004,,,,,,
2025-03-13,03:30 PM,US,united states,8-Week Bill Auction,,,4.220%,,,,8 week bill yield,USA8WBY,369424,https://tradingeconomics.com/united-states/8-week-bill-yield,,,4.220%,0.042199999999999994,,,,,,
2025-03-13,04:00 PM,CA,canada,5-Year Bond Auction,,,2.849%,,,,5 year note yield,GCAN5Y,390697,https://tradingeconomics.com/canada/5-year-note-yield,,,2.849%,0.02849,,,,,,
2025-03-13,04:00 PM,US,united states,15-Year Mortgage Rate,MAR/13,,5.79%,,,,15 year mortgage rate,USA15YMR,369427,https://tradingeconomics.com/united-states/15-year-mortgage-rate,,,5.79%,0.0579,,,,,,
2025-03-13,04:00 PM,US,united states,30-Year Mortgage Rate,MAR/13,,6.63%,,,,30 year mortgage rate,USA3YMR,369426,https://tradingeconomics.com/united-states/30-year-mortgage-rate,,,6.63%,0.0663,,,,,,
2025-03-13,05:00 PM,DE,germany,Bundesbank Balz Speech,,,,,,,interest rate,,392000,https://tradingeconomics.com/germany/interest-rate,,,,,,,,,,
2025-03-13,05:00 PM,US,united states,30-Year Bond Auction,,,4.748%,,,,30 year bond yield,UNITEDSTA30YEABONYIE,390245,https://tradingeconomics.com/united-states/30-year-bond-yield,,,4.748%,0.04748,,,,,,
2025-03-13,05:30 PM,EA,euro area,ECB de Galhau Speech,,,,,,,interest rate,,391997,https://tradingeconomics.com/euro-area/interest-rate,,,,,,,,,,
2025-03-13,05:30 PM,EA,euro area,ECB Nagel Speech,,,,,,,interest rate,,391996,https://tradingeconomics.com/euro-area/interest-rate,,,,,,,,,,
2025-03-13,08:30 PM,US,united states,Fed Balance Sheet,MAR/12,,$6.76T,,,,central bank balance sheet,UNITEDSTACENBANBALSH,390220,https://tradingeconomics.com/united-states/central-bank-balance-sheet,,,$6.76T,6760000000000.0,,,,,,
2025-03-13,09:00 PM,KR,south korea,Export Prices YoY,FEB,,8.5%,,,9.0%,export prices yoy,KOREPY,375295,https://tradingeconomics.com/south-korea/export-prices-yoy,,,8.5%,0.085,,,,,9.0%,0.09
2025-03-13,09:00 PM,KR,south korea,Import Prices YoY,FEB,,6.6%,,,6.2%,import prices yoy,KORIPY,375296,https://tradingeconomics.com/south-korea/import-prices-yoy,,,6.6%,0.066,,,,,6.2%,0.062
2025-03-13,,BR,brazil,10-Year NTN-F Auction,,,14.987%,,,,government bond 10y,GEBU10Y,391471,https://tradingeconomics.com/brazil/government-bond-yield,,,14.987%,0.14987,,,,,,
2025-03-13,,BR,brazil,2-Year LTN Auction,,,14.782%,,,,2 year note yield,GEBR2Y,391462,https://tradingeconomics.com/brazil/2-year-note-yield,,,14.782%,0.14782,,,,,,
2025-03-14,03:35 AM,JP,japan,3-Month Bill Auction,,,0.3404%,,,,3 month bill yield,GJGB3M,391977,https://tradingeconomics.com/japan/3-month-bill-yield,,,0.3404%,0.003404,,,,,,
2025-03-14,05:00 AM,KR,south korea,,,,2.570%,,,,calendar,KOR CALENDAR,391318,https://tradingeconomics.com/south-korea/calendar,,,2.570%,0.025699999999999997,,,,,,
2025-03-14,07:00 AM,DE,germany,Wholesale Prices MoM,FEB,,0.9%,,,0.4%,wholesale prices mom,DEUWPM,375101,https://tradingeconomics.com/germany/wholesale-prices-mom,,,0.9%,0.009000000000000001,,,,,0.4%,0.004
2025-03-14,07:00 AM,DE,germany,Wholesale Prices YoY,FEB,,0.9%,,0.2%,1.4%,wholesale prices yoy,DEUWPY,375100,https://tradingeconomics.com/germany/wholesale-prices-yoy,,,0.9%,0.009000000000000001,,,0.2%,0.002,1.4%,0.013999999999999999
2025-03-14,07:00 AM,DE,germany,Harmonised Inflation Rate MoM Final,FEB,,-0.2%,,0.6%,0.6%,harmonised inflation rate mom,DEUHIRM,375045,https://tradingeconomics.com/germany/harmonised-inflation-rate-mom,,,-0.2%,-0.002,,,0.6%,0.006,0.6%,0.006
2025-03-14,07:00 AM,DE,germany,Harmonised Inflation Rate YoY Final,FEB,,2.8%,,2.8%,2.8%,harmonised inflation rate yoy,DEUHIRY,375043,https://tradingeconomics.com/germany/harmonised-inflation-rate-yoy,,,2.8%,0.027999999999999997,,,2.8%,0.027999999999999997,2.8%,0.027999999999999997
2025-03-14,07:00 AM,DE,germany,Inflation Rate MoM Final,FEB,,-0.2%,,0.4%,0.4%,inflation rate mom,GERMANYINFRATMOM,375044,https://tradingeconomics.com/germany/inflation-rate-mom,,,-0.2%,-0.002,,,0.4%,0.004,0.4%,0.004
2025-03-14,07:00 AM,DE,germany,Inflation Rate YoY Final,FEB,,2.3%,,2.3%,2.3%,inflation rate,GRBC20YY,375047,https://tradingeconomics.com/germany/inflation-cpi,,,2.3%,0.023,,,2.3%,0.023,2.3%,0.023
2025-03-14,07:00 AM,GB,united kingdom,GDP MoM,JAN,,0.4%,,0.1%,0.1%,monthly gdp mom,GBRMGM,375106,https://tradingeconomics.com/united-kingdom/monthly-gdp-mom,,,0.4%,0.004,,,0.1%,0.001,0.1%,0.001
2025-03-14,07:00 AM,GB,united kingdom,GDP 3-Month Avg,JAN,,0.1%,,0.3%,0.3%,leading economic index,UNITEDKINLEAECOIND,375105,https://tradingeconomics.com/united-kingdom/leading-economic-index,,,0.1%,0.001,,,0.3%,0.003,0.3%,0.003
2025-03-14,07:00 AM,GB,united kingdom,Goods Trade Balance,JAN,,£-17.45B,,£-17.1B,£-18.6B,goods trade balance,UNITEDKINGOOTRABAL,375114,https://tradingeconomics.com/united-kingdom/goods-trade-balance,,,£-17.45B,-17450000000.0,,,£-17.1B,-17100000000.000002,£-18.6B,-18600000000.0
2025-03-14,07:00 AM,GB,united kingdom,Goods Trade Balance Non-EU,JAN,,£-6.1B,,,£ -8.0B,goods trade balance non-eu,GBRGTBNE,375115,https://tradingeconomics.com/united-kingdom/goods-trade-balance-non-eu,,,£-6.1B,-6100000000.0,,,,,£ -8.0B,-8000000000.0
2025-03-14,07:00 AM,GB,united kingdom,Industrial Production MoM,JAN,,0.5%,,-0.1%,-0.3%,industrial production mom,UNITEDKININDPROMOM,375107,https://tradingeconomics.com/united-kingdom/industrial-production-mom,,,0.5%,0.005,,,-0.1%,-0.001,-0.3%,-0.003
2025-03-14,07:00 AM,GB,united kingdom,Manufacturing Production MoM,JAN,,0.7%,,0%,-0.2%,manufacturing production mom,GBRMPMOM,375109,https://tradingeconomics.com/united-kingdom/manufacturing-production-mom,,,0.7%,0.006999999999999999,,,0%,0.0,-0.2%,-0.002
2025-03-14,07:00 AM,GB,united kingdom,Balance of Trade,JAN,,£-2.82B,,,£-3.5B,balance of trade,UKTBTTBA,375113,https://tradingeconomics.com/united-kingdom/balance-of-trade,,,£-2.82B,-2820000000.0,,,,,£-3.5B,-3500000000.0
2025-03-14,07:00 AM,GB,united kingdom,Construction Output YoY,JAN,,1.5%,,0.4%,0.5%,construction output,UnitedKinConOut,375108,https://tradingeconomics.com/united-kingdom/construction-output,,,1.5%,0.015,,,0.4%,0.004,0.5%,0.005
2025-03-14,07:00 AM,GB,united kingdom,GDP YoY,JAN,,1.5%,,1.2%,1.2%,monthly gdp yoy,GBRMGY,375112,https://tradingeconomics.com/united-kingdom/monthly-gdp-yoy,,,1.5%,0.015,,,1.2%,0.012,1.2%,0.012
2025-03-14,07:00 AM,GB,united kingdom,Industrial Production YoY,JAN,,-1.9%,,-0.8%,-0.7%,industrial production,UKIPIYOY,375110,https://tradingeconomics.com/united-kingdom/industrial-production,,,-1.9%,-0.019,,,-0.8%,-0.008,-0.7%,-0.006999999999999999
2025-03-14,07:00 AM,GB,united kingdom,Manufacturing Production YoY,JAN,,-1.4%,,-0.6%,-0.6%,manufacturing production,UNITEDKINMANPRO,375111,https://tradingeconomics.com/united-kingdom/manufacturing-production,,,-1.4%,-0.013999999999999999,,,-0.6%,-0.006,-0.6%,-0.006
2025-03-14,07:45 AM,FR,france,Harmonised Inflation Rate MoM Final,FEB,,-0.2%,,0%,0.0%,harmonised inflation rate mom,FRAHIRM,375172,https://tradingeconomics.com/france/harmonised-inflation-rate-mom,,,-0.2%,-0.002,,,0%,0.0,0.0%,0.0
2025-03-14,07:45 AM,FR,france,Harmonised Inflation Rate YoY Final,FEB,,1.8%,,0.9%,0.9%,harmonised inflation rate yoy,FRAHIRY,375173,https://tradingeconomics.com/france/harmonised-inflation-rate-yoy,,,1.8%,0.018000000000000002,,,0.9%,0.009000000000000001,0.9%,0.009000000000000001
2025-03-14,07:45 AM,FR,france,Inflation Rate MoM Final,FEB,,0.2%,,0%,0.0%,inflation rate mom,FRANCEINFRATMOM,375171,https://tradingeconomics.com/france/inflation-rate-mom,,,0.2%,0.002,,,0%,0.0,0.0%,0.0
2025-03-14,07:45 AM,FR,france,Inflation Rate YoY Final,FEB,,1.7%,,0.8%,0.8%,inflation rate,FRCPIYOY,375170,https://tradingeconomics.com/france/inflation-cpi,,,1.7%,0.017,,,0.8%,0.008,0.8%,0.008
2025-03-14,08:00 AM,ES,spain,Core Inflation Rate YoY Final,FEB,,2.4%,,2.1%,2.1%,core inflation rate,ESPCORECPIRATE,375180,https://tradingeconomics.com/spain/core-inflation-rate,,,2.4%,0.024,,,2.1%,0.021,2.1%,0.021
2025-03-14,08:00 AM,ES,spain,Harmonised Inflation Rate MoM Final,FEB,,-0.1%,,0.4%,0.4%,harmonised inflation rate mom,ESPHIRM,375187,https://tradingeconomics.com/spain/harmonised-inflation-rate-mom,,,-0.1%,-0.001,,,0.4%,0.004,0.4%,0.004
2025-03-14,08:00 AM,ES,spain,Harmonised Inflation Rate YoY Final,FEB,,2.9%,,2.9%,2.9%,harmonised inflation rate yoy,ESPHIRY,375184,https://tradingeconomics.com/spain/harmonised-inflation-rate-yoy,,,2.9%,0.028999999999999998,,,2.9%,0.028999999999999998,2.9%,0.028999999999999998
2025-03-14,08:00 AM,ES,spain,Inflation Rate MoM Final,FEB,,0.2%,,0.4%,0.4%,inflation rate mom,SPAININFRATMOM,375186,https://tradingeconomics.com/spain/inflation-rate-mom,,,0.2%,0.002,,,0.4%,0.004,0.4%,0.004
2025-03-14,08:00 AM,ES,spain,Inflation Rate YoY Final,FEB,,2.9%,,3%,3.0%,inflation rate,SPIPCYOY,375188,https://tradingeconomics.com/spain/inflation-cpi,,,2.9%,0.028999999999999998,,,3%,0.03,3.0%,0.03
2025-03-14,09:00 AM,IT,italy,Industrial Production MoM,JAN,,-3.1%,,1.2%,1.9%,industrial production mom,ITALYINDPROMOM,375434,https://tradingeconomics.com/italy/industrial-production-mom,,,-3.1%,-0.031,,,1.2%,0.012,1.9%,0.019
2025-03-14,09:00 AM,IT,italy,Industrial Production YoY,JAN,,-7.1%,,,-4.7%,industrial production,ITPRWAY,375433,https://tradingeconomics.com/italy/industrial-production,,,-7.1%,-0.071,,,,,-4.7%,-0.047
2025-03-14,11:30 AM,IN,india,Bank Loan Growth YoY,FEB/28,,11.3%,,,,loan growth,INDIALOAGRO,369430,https://tradingeconomics.com/india/loan-growth,,,11.3%,0.113,,,,,,
2025-03-14,11:30 AM,IN,india,Deposit Growth YoY,FEB/28,,10.6%,,,,deposit growth,INDIADEPGRO,369428,https://tradingeconomics.com/india/deposit-growth,,,10.6%,0.106,,,,,,
2025-03-14,11:30 AM,IN,india,Foreign Exchange Reserves,MAR/07,,$638.7B,,,,foreign exchange reserves,INDIAFOREXCRES,369429,https://tradingeconomics.com/india/foreign-exchange-reserves,,,$638.7B,638700000000.0,,,,,,
2025-03-14,12:00 PM,BR,brazil,Retail Sales MoM,JAN,,-0.1%,,-0.3%,0.1%,retail sales mom,BRARetailSalesMoM,375255,https://tradingeconomics.com/brazil/retail-sales,,,-0.1%,-0.001,,,-0.3%,-0.003,0.1%,0.001
2025-03-14,12:00 PM,BR,brazil,PPI MoM,JAN,,1.48%,,,0.4%,producer price inflation mom,BRAPPIM,374675,https://tradingeconomics.com/brazil/producer-price-inflation-mom,,,1.48%,0.0148,,,,,0.4%,0.004
2025-03-14,12:00 PM,BR,brazil,PPI YoY,JAN,,9.42%,,,10.1%,producer prices change,BRAZILPROPRICHA,374676,https://tradingeconomics.com/brazil/producer-prices-change,,,9.42%,0.0942,,,,,10.1%,0.10099999999999999
2025-03-14,12:00 PM,BR,brazil,Retail Sales YoY,JAN,,2%,,1.1%,1.1%,retail sales yoy,BRARetailSalesYoY,375254,https://tradingeconomics.com/brazil/retail-sales-annual,,,2%,0.02,,,1.1%,0.011000000000000001,1.1%,0.011000000000000001
2025-03-14,12:00 PM,GB,united kingdom,,FEB,,0.3%,,,,calendar,,375129,https://tradingeconomics.com/united-kingdom/calendar,,,0.3%,0.003,,,,,,
2025-03-14,12:30 PM,CA,canada,Manufacturing Sales MoM Final,JAN,,0.3%,,2%,2.0%,manufacturing sales,CANADAMANSAL,375273,https://tradingeconomics.com/canada/manufacturing-sales,,,0.3%,0.003,,,2%,0.02,2.0%,0.02
2025-03-14,12:30 PM,CA,canada,New Motor Vehicle Sales,JAN,,135.5K,,,128.0K,car registrations,CANADACARREG,375260,https://tradingeconomics.com/canada/car-registrations,,,135.5K,135500.0,,,,,128.0K,128000.0
2025-03-14,12:30 PM,CA,canada,Wholesale Sales MoM Final,JAN,,-0.2%,,1.8%,1.5%,wholesale sales,CANADAWHOSAL,375258,https://tradingeconomics.com/canada/wholesale-sales,,,-0.2%,-0.002,,,1.8%,0.018000000000000002,1.5%,0.015
2025-03-14,01:00 PM,RU,russia,Balance of Trade,JAN,,$5.58B,,,$4.2B,balance of trade,RUTBAL,375130,https://tradingeconomics.com/russia/balance-of-trade,,,$5.58B,5580000000.0,,,,,$4.2B,4200000000.0
2025-03-14,01:15 PM,EA,euro area,ECB Cipollone Speech,,,,,,,interest rate,,392004,https://tradingeconomics.com/euro-area/interest-rate,,,,,,,,,,
2025-03-14,01:45 PM,DE,germany,Current Account,JAN,,€24.0B,,,€19.5B,current account,GRCAEU,375285,https://tradingeconomics.com/germany/current-account,,,€24.0B,24000000000.0,,,,,€19.5B,19500000000.0
2025-03-14,02:00 PM,US,united states,Michigan Consumer Sentiment Prel,MAR,,64.7,,63.3,63.2,consumer confidence,CONCCONF,369434,https://tradingeconomics.com/united-states/consumer-confidence,,,64.7,64.7,,,63.3,63.3,63.2,63.2
2025-03-14,02:00 PM,US,united states,Michigan 5 Year Inflation Expectations Prel,MAR,,3.5%,,,3.6%,michigan 5 year inflation expectations,USAM5YIE,369433,https://tradingeconomics.com/united-states/michigan-5-year-inflation-expectations,,,3.5%,0.035,,,,,3.6%,0.036000000000000004
2025-03-14,02:00 PM,US,united states,Michigan Consumer Expectations Prel,MAR,,64,,,63.5,michigan consumer expectations,USAMCE,369432,https://tradingeconomics.com/united-states/michigan-consumer-expectations,,,64,64.0,,,,,63.5,63.5
2025-03-14,02:00 PM,US,united states,Michigan Current Conditions Prel,MAR,,65.7,,,64.4,michigan current economic conditions,USAMCEC,369431,https://tradingeconomics.com/united-states/michigan-current-economic-conditions,,,65.7,65.7,,,,,64.4,64.4
2025-03-14,02:00 PM,US,united states,Michigan Inflation Expectations Prel,MAR,,4.3%,,,4.4%,michigan inflation expectations,USAMIE,369435,https://tradingeconomics.com/united-states/michigan-inflation-expectations,,,4.3%,0.043,,,,,4.4%,0.044000000000000004
2025-03-14,05:00 PM,US,united states,Baker Hughes Oil Rig Count,MAR/14,,486,,,,crude oil rigs,USOILRIGS,369437,https://tradingeconomics.com/united-states/crude-oil-rigs,,,486,486.0,,,,,,
2025-03-14,05:00 PM,US,united states,Baker Hughes Total Rigs Count,MAR/14,,592,,,,total rigs,USATOTRIG,369436,https://tradingeconomics.com/united-states/total-rigs,,,592,592.0,,,,,,
2025-03-14,07:00 PM,AR,argentina,Inflation Rate MoM,FEB,,2.2%,,2.3%,2.1%,inflation rate mom,ARGENTINAINFRATMOM,375086,https://tradingeconomics.com/argentina/inflation-rate-mom,,,2.2%,0.022000000000000002,,,2.3%,0.023,2.1%,0.021
2025-03-14,07:00 PM,AR,argentina,Inflation Rate YoY,FEB,,84.5%,,66.6%,67.0%,inflation rate,ARCPIYOY,375087,https://tradingeconomics.com/argentina/inflation-cpi,,,84.5%,0.845,,,66.6%,0.6659999999999999,67.0%,0.67
2025-03-14,,CN,china,Vehicle Sales YoY,FEB,,-0.6%,,,,total vehicle sales,,374974,https://tradingeconomics.com/china/total-vehicle-sales,,,-0.6%,-0.006,,,,,,
2025-03-14,,CN,china,New Yuan Loans,FEB,,CNY5130B,,CNY1275B,CNY1800.0B,banks balance sheet,CHINABANBALSHE,375301,https://tradingeconomics.com/china/banks-balance-sheet,,,CNY5130B,5130000000000.0,,,CNY1275B,1275000000000.0,CNY1800.0B,1800000000000.0
2025-03-14,,CN,china,M2 Money Supply YoY,FEB,,7%,,7%,7.2%,money supply m2,CHINAMONSUPM2,375299,https://tradingeconomics.com/china/money-supply-m2,,,7%,0.07,,,7%,0.07,7.2%,0.07200000000000001
2025-03-14,,CN,china,Outstanding Loan Growth YoY,FEB,,7.5%,,7.4%,7.8%,loan growth,CHINALOAGRO,375300,https://tradingeconomics.com/china/loan-growth,,,7.5%,0.075,,,7.4%,0.07400000000000001,7.8%,0.078
2025-03-14,,CN,china,Total Social Financing,FEB,,CNY7060B,,CNY2500B,CNY1900.0B,loans to private sector,CHINALOATOPRISEC,375302,https://tradingeconomics.com/china/loans-to-private-sector,,,CNY7060B,7060000000000.0,,,CNY2500B,2500000000000.0,CNY1900.0B,1900000000000.0
2025-03-14,,IN,india,Balance of Trade,FEB,,$-22.99B,,,$-25.0B,balance of trade,INMTBALD,375193,https://tradingeconomics.com/india/balance-of-trade,,,$-22.99B,-22990000000.0,,,,,$-25.0B,-25000000000.0
2025-03-14,,IN,india,Exports,FEB,,$36.43B,,,,exports,INMTEXUD,375191,https://tradingeconomics.com/india/exports,,,$36.43B,36430000000.0,,,,,,
2025-03-14,,IN,india,Imports,FEB,,$59.95B,,,,imports,INMTIMUD,375194,https://tradingeconomics.com/india/imports,,,$59.95B,59950000000.0,,,,,,
2025-03-16,,SA,saudi arabia,Inflation Rate MoM,FEB,,0.3%,,,0.2%,inflation rate mom,SAUDIARABINFRATMOM,375152,https://tradingeconomics.com/saudi-arabia/inflation-rate-mom,,,0.3%,0.003,,,,,0.2%,0.002
2025-03-16,,SA,saudi arabia,Inflation Rate YoY,FEB,,2%,,,2.0%,inflation rate,SRCPIYOY,375156,https://tradingeconomics.com/saudi-arabia/inflation-cpi,,,2%,0.02,,,,,2.0%,0.02
2025-03-16,,SA,saudi arabia,Wholesale Prices YoY,FEB,,0.9%,,,1.0%,producer prices change,SAUDIARABPROPRICHA,375154,https://tradingeconomics.com/saudi-arabia/producer-prices-change,,,0.9%,0.009000000000000001,,,,,1.0%,0.01
2025-03-17,12:40 AM,SG,singapore,Balance of Trade,FEB,,$2.93B,,,$2.7B,balance of trade,STRDE,375313,https://tradingeconomics.com/singapore/balance-of-trade,,,$2.93B,2930000000.0,,,,,$2.7B,2700000000.0
2025-03-17,01:30 AM,CN,china,House Price Index YoY,FEB,,-5%,,,-4.7%,housing index,CHINAHOUIND,375298,https://tradingeconomics.com/china/housing-index,,,-5%,-0.05,,,,,-4.7%,-0.047
2025-03-17,02:00 AM,CN,china,Industrial Production YoY,JAN-FEB,,6.2%,,,6.0%,industrial production,CHVAIOY,375314,https://tradingeconomics.com/china/industrial-production,,,6.2%,0.062,,,,,6.0%,0.06
2025-03-17,02:00 AM,CN,china,Retail Sales YoY,JAN-FEB,,3.7%,,,3.4%,retail sales yoy,CHNRetailSalesYoY,375315,https://tradingeconomics.com/china/retail-sales-annual,,,3.7%,0.037000000000000005,,,,,3.4%,0.034
2025-03-17,02:00 AM,CN,china,Fixed Asset Investment (YTD) YoY,JAN-FEB,,3.2%,,,5.0%,fixed asset investment,CHINAFIXASSINV,375316,https://tradingeconomics.com/china/fixed-asset-investment,,,3.2%,0.032,,,,,5.0%,0.05
2025-03-17,02:00 AM,CN,china,Unemployment Rate,FEB,,5.1%,,,5.1%,unemployment rate,CNUERATE,375317,https://tradingeconomics.com/china/unemployment-rate,,,5.1%,0.051,,,,,5.1%,0.051
2025-03-17,02:30 AM,SG,singapore,Unemployment Rate Final,Q4,,1.9%,,1.9%,1.9%,unemployment rate,SIQUTOTA,375136,https://tradingeconomics.com/singapore/unemployment-rate,,,1.9%,0.019,,,1.9%,0.019,1.9%,0.019
2025-03-17,04:00 AM,ID,indonesia,Balance of Trade,FEB,,$3.45B,,,$1.0B,balance of trade,IDBALTOL,375137,https://tradingeconomics.com/indonesia/balance-of-trade,,,$3.45B,3450000000.0,,,,,$1.0B,1000000000.0
2025-03-17,04:00 AM,ID,indonesia,Exports YoY,FEB,,4.68%,,,,exports yoy,IDNEXPYOY,375140,https://tradingeconomics.com/indonesia/exports-yoy,,,4.68%,0.046799999999999994,,,,,,
2025-03-17,04:00 AM,ID,indonesia,Imports YoY,FEB,,-2.67%,,,,imports yoy,IDNIMPYOY,375138,https://tradingeconomics.com/indonesia/imports-yoy,,,-2.67%,-0.026699999999999998,,,,,,
2025-03-17,05:00 AM,KR,south korea,10-Year KTB Auction,,,,,,,government bond 10y,GVSK10YR,391319,https://tradingeconomics.com/south-korea/government-bond-yield,,,,,,,,,,
2025-03-17,06:30 AM,IN,india,WPI Food Index YoY,FEB,,7.47%,,,,wpi food index yoy,INDWFIY,375151,https://tradingeconomics.com/india/wpi-food-index-yoy,,,7.47%,0.0747,,,,,,
2025-03-17,06:30 AM,IN,india,WPI Fuel YoY,FEB,,,,,,wpi fuel yoy,INDWFLY,375150,https://tradingeconomics.com/india/wpi-fuel-yoy,,,,,,,,,,
2025-03-17,06:30 AM,IN,india,WPI Inflation YoY,FEB,,2.31%,,,,producer prices change,INDIAPROPRICHA,375155,https://tradingeconomics.com/india/producer-prices-change,,,2.31%,0.0231,,,,,,
2025-03-17,06:30 AM,IN,india,WPI Manufacturing YoY,FEB,,2.51%,,,2.8%,wpi manufacturing yoy,INDWMY,375153,https://tradingeconomics.com/india/wpi-manufacturing-yoy,,,2.51%,0.025099999999999997,,,,,2.8%,0.027999999999999997
2025-03-17,09:00 AM,IT,italy,Harmonised Inflation Rate MoM Final,FEB,,-0.8%,,0.1%,0.1%,harmonised inflation rate mom,ITAHIRM,375197,https://tradingeconomics.com/italy/harmonised-inflation-rate-mom,,,-0.8%,-0.008,,,0.1%,0.001,0.1%,0.001
2025-03-17,09:00 AM,IT,italy,Harmonised Inflation Rate YoY Final,FEB,,1.7%,,1.7%,1.7%,harmonised inflation rate yoy,ITAHIRY,375198,https://tradingeconomics.com/italy/harmonised-inflation-rate-yoy,,,1.7%,0.017,,,1.7%,0.017,1.7%,0.017
2025-03-17,09:00 AM,IT,italy,Inflation Rate MoM Final,FEB,,0.6%,,0.2%,0.2%,inflation rate mom,ITALYINFRATMOM,375200,https://tradingeconomics.com/italy/inflation-rate-mom,,,0.6%,0.006,,,0.2%,0.002,0.2%,0.002
2025-03-17,09:00 AM,IT,italy,Inflation Rate YoY Final,FEB,,1.5%,,1.7%,1.7%,inflation rate,ITCPNICY,375196,https://tradingeconomics.com/italy/inflation-cpi,,,1.5%,0.015,,,1.7%,0.017,1.7%,0.017
2025-03-17,09:00 AM,ES,spain,Balance of Trade,JAN,,€-4.12B,,,€ -4.3B,balance of trade,SPTBEUBL,375369,https://tradingeconomics.com/spain/balance-of-trade,,,€-4.12B,-4120000000.0,,,,,€ -4.3B,-4300000000.0
2025-03-17,09:30 AM,ZA,south africa,Inflation Expectations,Q1,,4.5%,,,,inflation expectations,SOUTHAFRIINFEXP,375382,https://tradingeconomics.com/south-africa/inflation-expectations,,,4.5%,0.045,,,,,,
2025-03-17,10:30 AM,DE,germany,12-Month Bubill Auction,,,2.0958%,,,,52 week bill yield,GERMANY5WBY,390890,https://tradingeconomics.com/germany/52-week-bill-yield,,,2.0958%,0.020958,,,,,,
2025-03-17,12:00 PM,BR,brazil,IBC-BR Economic Activity,JAN,,-0.7%,,,,leading economic index,BRAZILLEAECOIND,375352,https://tradingeconomics.com/brazil/leading-economic-index,,,-0.7%,-0.006999999999999999,,,,,,
2025-03-17,12:15 PM,CA,canada,Housing Starts,FEB,,239.7K,,,245.0K,housing starts,CANADAHOUSTA,375256,https://tradingeconomics.com/canada/housing-starts,,,239.7K,239700.0,,,,,245.0K,245000.0
2025-03-17,12:30 PM,CA,canada,Foreign Securities Purchases,JAN,,C$14.37B,,,,foreign stock investment,CANADAFORSTOINV,363539,https://tradingeconomics.com/canada/foreign-stock-investment,,,C$14.37B,14370000000.0,,,,,,
2025-03-17,12:30 PM,CA,canada,Foreign Securities Purchases by Canadians,JAN,,C$3.77B,,,,investment in foreign securities,CANIIFS,363561,https://tradingeconomics.com/canada/investment-in-foreign-securities,,,C$3.77B,3770000000.0,,,,,,
2025-03-17,12:30 PM,US,united states,Retail Sales MoM,FEB,,-0.9%,,,0.5%,retail sales mom,RSTAMOM,375263,https://tradingeconomics.com/united-states/retail-sales,,,-0.9%,-0.009000000000000001,,,,,0.5%,0.005
2025-03-17,12:30 PM,US,united states,NY Empire State Manufacturing Index,MAR,,5.7,,,6,ny empire state manufacturing index,UNITEDSTANYEMPSTAMAN,375274,https://tradingeconomics.com/united-states/ny-empire-state-manufacturing-index,,,5.7,5.7,,,,,6,6.0
2025-03-17,12:30 PM,US,united states,Retail Sales Control Group MoM,FEB,,-0.8%,,,,retail sales control group,USARSCG,391242,https://tradingeconomics.com/united-states/retail-sales-control-group,,,-0.8%,-0.008,,,,,,
2025-03-17,12:30 PM,US,united states,Retail Sales Ex Autos MoM,FEB,,-0.4%,,,0.2%,retail sales ex autos,UNITEDSTARETSALEXAUT,375265,https://tradingeconomics.com/united-states/retail-sales-ex-autos,,,-0.4%,-0.004,,,,,0.2%,0.002
2025-03-17,12:30 PM,US,united states,Retail Sales Ex Gas/Autos MoM,FEB,,-0.5%,,,0.2%,retail sales ex gas and autos mom,USARSEGAAM,375261,https://tradingeconomics.com/united-states/retail-sales-ex-gas-and-autos-mom,,,-0.5%,-0.005,,,,,0.2%,0.002
2025-03-17,12:30 PM,US,united states,Retail Sales YoY,FEB,,4.2%,,,3.5%,retail sales yoy,USARetailSalesYoY,375270,https://tradingeconomics.com/united-states/retail-sales-annual,,,4.2%,0.042,,,,,3.5%,0.035
2025-03-17,02:00 PM,FR,france,12-Month BTF Auction,,,,,,,52 week bill yield,FRANCE5WBY,369441,https://tradingeconomics.com/france/52-week-bill-yield,,,,,,,,,,
2025-03-17,02:00 PM,FR,france,3-Month BTF Auction,,,,,,,3 month bill yield,FRANCE3MONBILYIE,369439,https://tradingeconomics.com/france/3-month-bill-yield,,,,,,,,,,
2025-03-17,02:00 PM,FR,france,6-Month BTF Auction,,,,,,,6 month bill yield,FRANCE6MONBILYIE,369440,https://tradingeconomics.com/france/6-month-bill-yield,,,,,,,,,,
2025-03-17,02:00 PM,US,united states,Business Inventories MoM,JAN,,-0.2%,,,-0.1%,business inventories,UNITEDSTABUSINV,375288,https://tradingeconomics.com/united-states/business-inventories,,,-0.2%,-0.002,,,,,-0.1%,-0.001
2025-03-17,02:00 PM,US,united states,NAHB Housing Market Index,MAR,,42,,,48,nahb housing market index,UNITEDSTANAHHOUMARIN,375363,https://tradingeconomics.com/united-states/nahb-housing-market-index,,,42,42.0,,,,,48,48.0
2025-03-17,02:00 PM,US,united states,Retail Inventories Ex Autos MoM,JAN,,,,,0.1%,retail inventories ex autos,USARIEA,375286,https://tradingeconomics.com/united-states/retail-inventories-ex-autos,,,,,,,,,0.1%,0.001
2025-03-17,03:30 PM,US,united states,3-Month Bill Auction,,,,,,,3 month bill yield,UNITEDSTA3MONBILYIE,369442,https://tradingeconomics.com/united-states/3-month-bill-yield,,,,,,,,,,
2025-03-17,03:30 PM,US,united states,6-Month Bill Auction,,,,,,,6 month bill yield,UNITEDSTA6MONBILYIE,369443,https://tradingeconomics.com/united-states/6-month-bill-yield,,,,,,,,,,
2025-03-17,04:00 PM,US,united states,,,,,,,,calendar,USD CALENDAR,391038,https://tradingeconomics.com/united-states/calendar,,,,,,,,,,
2025-03-17,11:20 PM,AU,australia,RBA Hunter Speech,,,,,,,interest rate,,391869,https://tradingeconomics.com/australia/interest-rate,,,,,,,,,,
2025-03-17,,TR,turkey,Budget Balance,FEB,,TRY-139.26B,,,,government budget value,TURKEYGOVBUDVAL,389498,https://tradingeconomics.com/turkey/government-budget-value,,,TRY-139.26B,-139259999999999.98,,,,,,
2025-03-17,,BR,brazil,BCB Focus Market Readout,,,,,,,interest rate,BZSTSETA,369438,https://tradingeconomics.com/brazil/interest-rate,,,,,,,,,,
2025-03-18,12:30 AM,SG,singapore,Non-Oil Exports MoM,FEB,,-3.3%,,,5.5%,exports of non-oil domestic exports of,SPEXPNOOA,375311,https://tradingeconomics.com/singapore/exports-of-non-oil-domestic-exports-of,,,-3.3%,-0.033,,,,,5.5%,0.055
2025-03-18,12:30 AM,SG,singapore,Non-Oil Exports YoY,FEB,,-2.1%,,,4.6%,domestic exports of non oil (nodx) (%yoy),SPEXPNOOR,375312,https://tradingeconomics.com/singapore/domestic-exports-of-non-oil-nodx-pctyoy,,,-2.1%,-0.021,,,,,4.6%,0.046
2025-03-18,03:35 AM,JP,japan,52-Week Bill Auction,,,0.6107%,,,,52 week bill yield,GJGB1Y,391969,https://tradingeconomics.com/japan/52-week-bill-yield,,,0.6107%,0.0061070000000000004,,,,,,
2025-03-18,04:30 AM,JP,japan,Tertiary Industry Index MoM,JAN,,0.1%,,,0.4%,tertiary industry index,JAPANTERINDIND,375142,https://tradingeconomics.com/japan/tertiary-industry-index,,,0.1%,0.001,,,,,0.4%,0.004
2025-03-18,05:00 AM,SG,singapore,MAS 12-Week Bill Auction,,,,,,,3 month bill yield,SGPYIELD3M,390337,https://tradingeconomics.com/singapore/3-month-bill-yield,,,,,,,,,,
2025-03-18,05:00 AM,SG,singapore,MAS 4-Week Bill Auction,,,,,,,1 month bill yield,SGPYIELD1M,390361,https://tradingeconomics.com/singapore/1-month-bill-yield,,,,,,,,,,
2025-03-18,09:00 AM,IT,italy,Balance of Trade,JAN,,€5.98B,,,€3.6B,balance of trade,ITTRBSAT,375234,https://tradingeconomics.com/italy/balance-of-trade,,,€5.98B,5980000000.0,,,,,€3.6B,3600000000.0
2025-03-18,10:00 AM,EA,euro area,Balance of Trade,JAN,,€15.5B,,,€6.5B,balance of trade,XTTBEZ,375348,https://tradingeconomics.com/euro-area/balance-of-trade,,,€15.5B,15500000000.0,,,,,€6.5B,6500000000.0
2025-03-18,10:00 AM,EA,euro area,ZEW Economic Sentiment Index,MAR,,24.2,,,28,zew economic sentiment index,EUROAREAZEWECOSENIND,375377,https://tradingeconomics.com/euro-area/zew-economic-sentiment-index,,,24.2,24.2,,,,,28,28.0
2025-03-18,10:00 AM,DE,germany,ZEW Economic Sentiment Index,MAR,,26,,,32,zew economic sentiment index,GERMANYZEWECOSENIND,375378,https://tradingeconomics.com/germany/zew-economic-sentiment-index,,,26,26.0,,,,,32,32.0
2025-03-18,10:00 AM,DE,germany,ZEW Current Conditions,MAR,,-88.5,,,-92,zew current conditions,DEUZCC,375380,https://tradingeconomics.com/germany/zew-current-conditions,,,-88.5,-88.5,,,,,-92,-92.0
2025-03-18,10:00 AM,GB,united kingdom,,,,,,,,calendar,GBP CALENDAR,390011,https://tradingeconomics.com/united-kingdom/calendar,,,,,,,,,,
2025-03-18,12:30 PM,CA,canada,Inflation Rate YoY,FEB,,1.9%,,,,inflation rate,CACPIYOY,363401,https://tradingeconomics.com/canada/inflation-cpi,,,1.9%,0.019,,,,,,
2025-03-18,12:30 PM,CA,canada,Core Inflation Rate YoY,FEB,,2.1%,,,,core inflation rate,CANCORECPIRATE,363411,https://tradingeconomics.com/canada/core-inflation-rate,,,2.1%,0.021,,,,,,
2025-03-18,12:30 PM,CA,canada,Inflation Rate MoM,FEB,,0.1%,,,,inflation rate mom,CANADAINFRATMOM,363404,https://tradingeconomics.com/canada/inflation-rate-mom,,,0.1%,0.001,,,,,,
2025-03-18,12:30 PM,CA,canada,Core Inflation Rate MoM,FEB,,0.4%,,,,core inflation rate mom,CANCIRM,363507,https://tradingeconomics.com/canada/core-inflation-rate-mom,,,0.4%,0.004,,,,,,
2025-03-18,12:30 PM,CA,canada,CPI Median YoY,FEB,,2.7%,,,2.6%,cpi median,CANCPIMED,363510,https://tradingeconomics.com/canada/cpi-median,,,2.7%,0.027000000000000003,,,,,2.6%,0.026000000000000002
2025-03-18,12:30 PM,CA,canada,CPI Trimmed-Mean YoY,FEB,,2.7%,,,2.6%,cpi trimmed-mean,CANCPITRI,363517,https://tradingeconomics.com/canada/cpi-trimmed-mean,,,2.7%,0.027000000000000003,,,,,2.6%,0.026000000000000002
2025-03-18,12:30 PM,US,united states,Building Permits Prel,FEB,,1.473M,,,,building permits,UNITEDSTABUIPER,375391,https://tradingeconomics.com/united-states/building-permits,,,1.473M,1473000.0,,,,,,
2025-03-18,12:30 PM,US,united states,Housing Starts,FEB,,1.366M,,,1.34M,housing starts,UNITEDSTAHOUSTA,375388,https://tradingeconomics.com/united-states/housing-starts,,,1.366M,1366000.0,,,,,1.34M,1340000.0
2025-03-18,12:30 PM,US,united states,Building Permits MoM Prel,FEB,,-0.6%,,,,building permits mom,USABPM,375389,https://tradingeconomics.com/united-states/building-permits-mom,,,-0.6%,-0.006,,,,,,
2025-03-18,12:30 PM,US,united states,Export Prices MoM,FEB,,1.3%,,,0.9%,export prices mom,USAEPM,375271,https://tradingeconomics.com/united-states/export-prices-mom,,,1.3%,0.013000000000000001,,,,,0.9%,0.009000000000000001
2025-03-18,12:30 PM,US,united states,Housing Starts MoM,FEB,,-9.8%,,,-1.9%,housing starts mom,USAHSMOM,375390,https://tradingeconomics.com/united-states/housing-starts-mom,,,-9.8%,-0.098,,,,,-1.9%,-0.019
2025-03-18,12:30 PM,US,united states,Import Prices MoM,FEB,,0.3%,,,0.5%,import prices mom,USAIPM,375272,https://tradingeconomics.com/united-states/import-prices-mom,,,0.3%,0.003,,,,,0.5%,0.005
2025-03-18,12:30 PM,US,united states,Export Prices YoY,FEB,,2.7%,,,3.0%,export prices yoy,USAEPY,375267,https://tradingeconomics.com/united-states/export-prices-yoy,,,2.7%,0.027000000000000003,,,,,3.0%,0.03
2025-03-18,12:30 PM,US,united states,Import Prices YoY,FEB,,1.9%,,,3.1%,import prices yoy,USAIPY,375269,https://tradingeconomics.com/united-states/import-prices-yoy,,,1.9%,0.019,,,,,3.1%,0.031
2025-03-18,12:55 PM,US,united states,Redbook YoY,MAR/15,,,,,,redbook index,UNITEDSTAREDIND,369444,https://tradingeconomics.com/united-states/redbook-index,,,,,,,,,,
2025-03-18,01:15 PM,US,united states,Industrial Production MoM,FEB,,0.5%,,,0.4%,industrial production mom,UNITEDSTAINDPROMOM,375282,https://tradingeconomics.com/united-states/industrial-production-mom,,,0.5%,0.005,,,,,0.4%,0.004
2025-03-18,01:15 PM,US,united states,Capacity Utilization,FEB,,77.8%,,,77.7%,capacity utilization,UNITEDSTACAPUTI,375279,https://tradingeconomics.com/united-states/capacity-utilization,,,77.8%,0.778,,,,,77.7%,0.777
2025-03-18,01:15 PM,US,united states,Industrial Production YoY,FEB,,2%,,,2.3%,industrial production,IP YOY,375280,https://tradingeconomics.com/united-states/industrial-production,,,2%,0.02,,,,,2.3%,0.023
2025-03-18,01:15 PM,US,united states,Manufacturing Production MoM,FEB,,-0.1%,,,0.1%,manufacturing production mom,USAMPMOM,375278,https://tradingeconomics.com/united-states/manufacturing-production-mom,,,-0.1%,-0.001,,,,,0.1%,0.001
2025-03-18,01:15 PM,US,united states,Manufacturing Production YoY,FEB,,1%,,,1.3%,manufacturing production,UNITEDSTAMANPRO,375281,https://tradingeconomics.com/united-states/manufacturing-production,,,1%,0.01,,,,,1.3%,0.013000000000000001
2025-03-18,02:00 PM,BR,brazil,Business Confidence,MAR,,49.1,,,48.9,business confidence,BRLBC,375083,https://tradingeconomics.com/brazil/business-confidence,,,49.1,49.1,,,,,48.9,48.9
2025-03-18,03:30 PM,US,united states,52-Week Bill Auction,,,4.05%,,,,52 week bill yield,UNITEDSTA52WEEBILYIE,390265,https://tradingeconomics.com/united-states/52-week-bill-yield,,,4.05%,0.0405,,,,,,
2025-03-18,04:00 PM,RU,russia,PPI MoM,FEB,,,,,,producer price inflation mom,RUSPPIM,375456,https://tradingeconomics.com/russia/producer-price-inflation-mom,,,,,,,,,,
2025-03-18,04:00 PM,RU,russia,PPI YoY,FEB,,9.7%,,,10.3%,producer prices change,RUSSIAPROPRICHA,375455,https://tradingeconomics.com/russia/producer-prices-change,,,9.7%,0.09699999999999999,,,,,10.3%,0.10300000000000001
2025-03-18,05:00 PM,US,united states,20-Year Bond Auction,,,4.83%,,,,20 year bond yield,USGG20Y,390269,https://tradingeconomics.com/united-states/20-year-bond-yield,,,4.83%,0.0483,,,,,,
2025-03-18,08:30 PM,US,united states,API Crude Oil Stock Change,MAR/14,,,,,,api crude oil stock change,APICRUDEOIL,369446,https://tradingeconomics.com/united-states/api-crude-oil-stock-change,,,,,,,,,,
2025-03-18,11:50 PM,JP,japan,Balance of Trade,FEB,,¥-2758.8B,,,¥-600.0B,balance of trade,JNTBAL,375469,https://tradingeconomics.com/japan/balance-of-trade,,,¥-2758.8B,-2758800000000.0,,,,,¥-600.0B,-600000000000.0
2025-03-18,11:50 PM,JP,japan,Exports YoY,FEB,,7.2%,,,,exports yoy,JPNEXPYOY,375470,https://tradingeconomics.com/japan/exports-yoy,,,7.2%,0.07200000000000001,,,,,,
2025-03-18,11:50 PM,JP,japan,Machinery Orders MoM,JAN,,,,,,machinery orders,JAPANMACORD,375309,https://tradingeconomics.com/japan/machinery-orders,,,,,,,,,,
2025-03-18,11:50 PM,JP,japan,Machinery Orders YoY,JAN,,,,,,machinery orders,,375310,https://tradingeconomics.com/japan/machinery-orders,,,,,,,,,,
2025-03-18,11:50 PM,JP,japan,Imports YoY,FEB,,16.7%,,,,imports yoy,JPNIMPYOY,375468,https://tradingeconomics.com/japan/imports-yoy,,,16.7%,0.16699999999999998,,,,,,
2025-03-19,12:00 AM,AU,australia,Westpac Leading Index MoM,FEB,,0.1%,,,,leading economic index,AUSTRALIALEAECOIND,375716,https://tradingeconomics.com/australia/leading-economic-index,,,0.1%,0.001,,,,,,
2025-03-19,03:00 AM,JP,japan,BoJ Interest Rate Decision,,,0.5%,,,0.5%,interest rate,BOJDTR,389597,https://tradingeconomics.com/japan/interest-rate,,,0.5%,0.005,,,,,0.5%,0.005
2025-03-19,04:30 AM,JP,japan,Capacity Utilization MoM,JAN,,-0.2%,,,,capacity utilization,JAPANCAPUTI,375372,https://tradingeconomics.com/japan/capacity-utilization,,,-0.2%,-0.002,,,,,,
2025-03-19,04:30 AM,JP,japan,Industrial Production MoM Final,JAN,,-0.2%,,-1.1%,-1.1%,industrial production mom,JAPANINDPROMOM,375371,https://tradingeconomics.com/japan/industrial-production-mom,,,-0.2%,-0.002,,,-1.1%,-0.011000000000000001,-1.1%,-0.011000000000000001
2025-03-19,04:30 AM,JP,japan,Industrial Production YoY Final,JAN,,-1.6%,,,2.6%,industrial production,JNIPYOY,375373,https://tradingeconomics.com/japan/industrial-production,,,-1.6%,-0.016,,,,,2.6%,0.026000000000000002
2025-03-19,07:30 AM,ID,indonesia,Interest Rate Decision,,,5.75%,,,,interest rate,IDBIRATE,390981,https://tradingeconomics.com/indonesia/interest-rate,,,5.75%,0.0575,,,,,,
2025-03-19,07:30 AM,ID,indonesia,Deposit Facility Rate,MAR,,,,,,deposit interest rate,IDNFRINRDPST,375425,https://tradingeconomics.com/indonesia/deposit-interest-rate,,,,,,,,,,
2025-03-19,07:30 AM,ID,indonesia,Lending Facility Rate,MAR,,,,,,lending rate,INDONESIALENRAT,375424,https://tradingeconomics.com/indonesia/lending-rate,,,,,,,,,,
2025-03-19,08:00 AM,ZA,south africa,Inflation Rate MoM,FEB,,,,,,inflation rate mom,SOUTHAFRIINFRATMOM,375429,https://tradingeconomics.com/south-africa/inflation-rate-mom,,,,,,,,,,
2025-03-19,08:00 AM,ZA,south africa,Inflation Rate YoY,FEB,,3.2%,,,,inflation rate,SACPIYOY,375430,https://tradingeconomics.com/south-africa/inflation-cpi,,,3.2%,0.032,,,,,,
2025-03-19,08:00 AM,ZA,south africa,Core Inflation Rate MoM,FEB,,0.2%,,,,core inflation rate mom,ZAFCIRM,375432,https://tradingeconomics.com/south-africa/core-inflation-rate-mom,,,0.2%,0.002,,,,,,
2025-03-19,08:00 AM,ZA,south africa,Core Inflation Rate YoY,FEB,,3.5%,,,,core inflation rate,SOUTHAFRICORINFRAT,375431,https://tradingeconomics.com/south-africa/core-inflation-rate,,,3.5%,0.035,,,,,,
2025-03-19,10:00 AM,EA,euro area,Core Inflation Rate YoY Final,FEB,,2.7%,,2.6%,2.6%,core inflation rate,EUROAREACORINFRAT,375345,https://tradingeconomics.com/euro-area/core-inflation-rate,,,2.7%,0.027000000000000003,,,2.6%,0.026000000000000002,2.6%,0.026000000000000002
2025-03-19,10:00 AM,EA,euro area,CPI Final,FEB,,126.72,,127.32,127.32,consumer price index cpi,EUROAREACONPRIINDCP,375344,https://tradingeconomics.com/euro-area/consumer-price-index-cpi,,,126.72,126.72,,,127.32,127.32,127.32,127.32
2025-03-19,10:00 AM,EA,euro area,Inflation Rate MoM Final,FEB,,-0.3%,,0.5%,0.5%,inflation rate mom,EUROAREAINFRATMOM,375346,https://tradingeconomics.com/euro-area/inflation-rate-mom,,,-0.3%,-0.003,,,0.5%,0.005,0.5%,0.005
2025-03-19,10:00 AM,EA,euro area,Inflation Rate YoY Final,FEB,,2.5%,,2.4%,2.4%,inflation rate,ECCPEMUY,375343,https://tradingeconomics.com/euro-area/inflation-cpi,,,2.5%,0.025,,,2.4%,0.024,2.4%,0.024
2025-03-19,10:00 AM,EA,euro area,Labour Cost Index YoY,Q4,,4.6%,,,,labour costs,,375379,https://tradingeconomics.com/euro-area/labour-costs,,,4.6%,0.046,,,,,,
2025-03-19,10:00 AM,EA,euro area,Wage Growth YoY,Q4,,4.4%,,,4.0%,wage growth,EUROAREAWAGGRO,375381,https://tradingeconomics.com/euro-area/wage-growth,,,4.4%,0.044000000000000004,,,,,4.0%,0.04
2025-03-19,10:30 AM,DE,germany,30-Year Bund Auction,,,2.65%,,,,30 year bond yield,GERMANY3YBY,390838,https://tradingeconomics.com/germany/30-year-bond-yield,,,2.65%,0.0265,,,,,,
2025-03-19,11:00 AM,ZA,south africa,Retail Sales MoM,JAN,,-0.1%,,,0.7%,retail sales mom,ZAFRetailSalesMoM,375448,https://tradingeconomics.com/south-africa/retail-sales,,,-0.1%,-0.001,,,,,0.7%,0.006999999999999999
2025-03-19,11:00 AM,ZA,south africa,Retail Sales YoY,JAN,,3.1%,,,-1.8%,retail sales yoy,ZAFRetailSalesYoY,375449,https://tradingeconomics.com/south-africa/retail-sales-annual,,,3.1%,0.031,,,,,-1.8%,-0.018000000000000002
2025-03-19,11:00 AM,US,united states,MBA 30-Year Mortgage Rate,MAR/14,,,,,,mortgage rate,UNITEDSTAMORRAT,369450,https://tradingeconomics.com/united-states/mortgage-rate,,,,,,,,,,
2025-03-19,11:00 AM,US,united states,MBA Mortgage Applications,MAR/14,,,,,,mortgage applications,UNITEDSTAMORAPP,369447,https://tradingeconomics.com/united-states/mortgage-applications,,,,,,,,,,
2025-03-19,11:00 AM,US,united states,MBA Mortgage Market Index,MAR/14,,,,,,mba mortgage market index,USAMMMI,369451,https://tradingeconomics.com/united-states/mba-mortgage-market-index,,,,,,,,,,
2025-03-19,11:00 AM,US,united states,MBA Mortgage Refinance Index,MAR/14,,,,,,mba mortgage refinance index,USAMMRI,369448,https://tradingeconomics.com/united-states/mba-mortgage-refinance-index,,,,,,,,,,
2025-03-19,11:00 AM,US,united states,MBA Purchase Index,MAR/14,,,,,,mba purchase index,USAMPI,369449,https://tradingeconomics.com/united-states/mba-purchase-index,,,,,,,,,,
2025-03-19,11:10 AM,EU,european union,,,,,,,,calendar,EUROPEANUCAL,390712,https://tradingeconomics.com/european-union/calendar,,,,,,,,,,
2025-03-19,11:10 AM,EU,european union,,,,,,,,calendar,EUROPEANUCAL,390725,https://tradingeconomics.com/european-union/calendar,,,,,,,,,,
2025-03-19,11:30 AM,IN,india,M3 Money Supply YoY,MAR/07,,,,,,money supply m3,INDIAMONSUPM3,369452,https://tradingeconomics.com/india/money-supply-m3,,,,,,,,,,
2025-03-19,12:00 PM,MX,mexico,Aggregate Demand QoQ,Q4,,1.2%,,,1%,gdp aggregate demand qoq,MEXGADQ,375387,https://tradingeconomics.com/mexico/gdp-aggregate-demand-qoq,,,1.2%,0.012,,,,,1%,0.01
2025-03-19,12:00 PM,MX,mexico,Aggregate Demand YoY,Q4,,,,,2.1%,gdp aggregate demand yoy,MEXGADY,375386,https://tradingeconomics.com/mexico/gdp-aggregate-demand-yoy,,,,,,,,,2.1%,0.021
2025-03-19,02:30 PM,US,united states,EIA Crude Oil Stocks Change,MAR/14,,,,,,crude oil stocks change,UNITEDSTACRUOILSTOCH,369458,https://tradingeconomics.com/united-states/crude-oil-stocks-change,,,,,,,,,,
2025-03-19,02:30 PM,US,united states,EIA Gasoline Stocks Change,MAR/14,,,,,,gasoline stocks change,UNITEDSTAGASSTOCHA,369453,https://tradingeconomics.com/united-states/gasoline-stocks-change,,,,,,,,,,
2025-03-19,02:30 PM,US,united states,EIA Crude Oil Imports Change,MAR/14,,,,,,crude oil imports,UNITEDSTACRUOILIMP,369456,https://tradingeconomics.com/united-states/crude-oil-imports,,,,,,,,,,
2025-03-19,02:30 PM,US,united states,EIA Cushing Crude Oil Stocks Change,MAR/14,,,,,,cushing crude oil stocks,UNITEDSTACCOS,369459,https://tradingeconomics.com/united-states/cushing-crude-oil-stocks,,,,,,,,,,
2025-03-19,02:30 PM,US,united states,EIA Distillate Fuel Production Change,MAR/14,,,,,,distillate fuel production,UNITEDSTADISFUEPRO,369455,https://tradingeconomics.com/united-states/distillate-fuel-production,,,,,,,,,,
2025-03-19,02:30 PM,US,united states,EIA Distillate Stocks Change,MAR/14,,,,,,distillate stocks,UNITEDSTADISSTO,369460,https://tradingeconomics.com/united-states/distillate-stocks,,,,,,,,,,
2025-03-19,02:30 PM,US,united states,EIA Gasoline Production Change,MAR/14,,,,,,gasoline production,UNITEDSTAGASPRO,369454,https://tradingeconomics.com/united-states/gasoline-production,,,,,,,,,,
2025-03-19,02:30 PM,US,united states,EIA Heating Oil Stocks Change,MAR/14,,,,,,heating oil stocks,UNITEDSTAHOS,369461,https://tradingeconomics.com/united-states/heating-oil-stocks,,,,,,,,,,
2025-03-19,02:30 PM,US,united states,EIA Refinery Crude Runs Change,MAR/14,,,,,,refinery crude runs,UNITEDSTAREFCRURUN,369457,https://tradingeconomics.com/united-states/refinery-crude-runs,,,,,,,,,,
2025-03-19,03:30 PM,US,united states,,,,4.180%,,,,calendar,USD CALENDAR,390258,https://tradingeconomics.com/united-states/calendar,,,4.180%,0.0418,,,,,,
2025-03-19,06:00 PM,US,united states,Fed Interest Rate Decision,,,4.5%,,,4.5%,interest rate,FDTR,389354,https://tradingeconomics.com/united-states/interest-rate,,,4.5%,0.045,,,,,4.5%,0.045
2025-03-19,06:00 PM,US,united states,FOMC Economic Projections,,,,,,,interest rate,,389525,https://tradingeconomics.com/united-states/interest-rate,,,,,,,,,,
2025-03-19,06:00 PM,US,united states,Interest Rate Projection - 1st Yr,,,3.9%,,,,interest rate,,389526,https://tradingeconomics.com/united-states/interest-rate,,,3.9%,0.039,,,,,,
2025-03-19,06:00 PM,US,united states,Interest Rate Projection - 2nd Yr,,,3.4%,,,,interest rate,,389527,https://tradingeconomics.com/united-states/interest-rate,,,3.4%,0.034,,,,,,
2025-03-19,06:00 PM,US,united states,Interest Rate Projection - Current,,,4.4%,,,,interest rate,,389528,https://tradingeconomics.com/united-states/interest-rate,,,4.4%,0.044000000000000004,,,,,,
2025-03-19,06:00 PM,US,united states,Interest Rate Projection - Longer,,,3%,,,,interest rate,,389551,https://tradingeconomics.com/united-states/interest-rate,,,3%,0.03,,,,,,
2025-03-19,06:30 PM,US,united states,Fed Press Conference,,,,,,,interest rate,,389515,https://tradingeconomics.com/united-states/interest-rate,,,,,,,,,,
2025-03-19,07:00 PM,AR,argentina,Balance of Trade,FEB,,$142M,,,$400.0M,balance of trade,ARBABAL,375392,https://tradingeconomics.com/argentina/balance-of-trade,,,$142M,142000000.0,,,,,$400.0M,400000000.0
2025-03-19,07:00 PM,AR,argentina,Full Year GDP Growth,2024,,,,,-3.4%,full year gdp growth,ARGFYGG,375460,https://tradingeconomics.com/argentina/full-year-gdp-growth,,,,,,,,,-3.4%,-0.034
2025-03-19,07:00 PM,AR,argentina,GDP Growth Rate QoQ,Q4,,3.9%,,,-1%,gdp growth rate,ARGQPQOX,375457,https://tradingeconomics.com/argentina/gdp-growth,,,3.9%,0.039,,,,,-1%,-0.01
2025-03-19,07:00 PM,AR,argentina,GDP Growth Rate YoY,Q4,,-2.1%,,,-1.6%,gdp annual growth rate,ARGQPYOX,375458,https://tradingeconomics.com/argentina/gdp-growth-annual,,,-2.1%,-0.021,,,,,-1.6%,-0.016
2025-03-19,08:00 PM,US,united states,Net Long-term TIC Flows,JAN,,$72B,,,,net long-term tic flows,UNITEDSTANETLONTICFL,375393,https://tradingeconomics.com/united-states/net-long-term-tic-flows,,,$72B,72000000000.0,,,,,,
2025-03-19,08:00 PM,US,united states,Foreign Bond Investment,JAN,,$-49.7B,,,,foreign bond investment,UNITEDSTAFORBONINV,375394,https://tradingeconomics.com/united-states/foreign-bond-investment,,,$-49.7B,-49700000000.0,,,,,,
2025-03-19,08:00 PM,US,united states,Overall Net Capital Flows,JAN,,$87.1B,,,,capital flows,UNITEDSTACAPFLO,375396,https://tradingeconomics.com/united-states/capital-flows,,,$87.1B,87100000000.0,,,,,,
2025-03-19,09:30 PM,BR,brazil,Interest Rate Decision,,,13.25%,,,14.25%,interest rate,BZSTSETA,389716,https://tradingeconomics.com/brazil/interest-rate,,,13.25%,0.1325,,,,,14.25%,0.1425
2025-03-19,,US,united states,,,,,,,,calendar,,375370,https://tradingeconomics.com/united-states/calendar,,,,,,,,,,
2025-03-19,,AR,argentina,Leading Indicator MoM,FEB,,1.12%,,,0.8%,leading economic index,ARGENTINALEAECOIND,375580,https://tradingeconomics.com/argentina/leading-economic-index,,,1.12%,0.011200000000000002,,,,,0.8%,0.008
2025-03-20,12:30 AM,AU,australia,Employment Change,FEB,,44K,,,,employment change,AUSTRALIAEMPCHA,375479,https://tradingeconomics.com/australia/employment-change,,,44K,44000.0,,,,,,
2025-03-20,12:30 AM,AU,australia,Full Time Employment Chg,FEB,,54.1K,,,,full time employment,AUSTRALIAFULTIMEMP,375478,https://tradingeconomics.com/australia/full-time-employment,,,54.1K,54100.0,,,,,,
2025-03-20,12:30 AM,AU,australia,Unemployment Rate,FEB,,4.1%,,,,unemployment rate,AULFUNEM,375477,https://tradingeconomics.com/australia/unemployment-rate,,,4.1%,0.040999999999999995,,,,,,
2025-03-20,12:30 AM,AU,australia,Part Time Employment Chg,FEB,,-10.1K,,,,part time employment,AUSTRALIAPARTIMEMP,375474,https://tradingeconomics.com/australia/part-time-employment,,,-10.1K,-10100.0,,,,,,
2025-03-20,12:30 AM,AU,australia,Participation Rate,FEB,,67.3%,,,,labor force participation rate,AUSTRALIALABFORPARRA,375475,https://tradingeconomics.com/australia/labor-force-participation-rate,,,67.3%,0.6729999999999999,,,,,,
2025-03-20,01:15 AM,CN,china,Loan Prime Rate 1Y,,,3.1%,,,3.1%,interest rate,CHLR12M,390464,https://tradingeconomics.com/china/interest-rate,,,3.1%,0.031,,,,,3.1%,0.031
2025-03-20,01:15 AM,CN,china,Loan Prime Rate 5Y,MAR,,3.6%,,,3.6%,loan prime rate 5y,CHNLPR5,390476,https://tradingeconomics.com/china/loan-prime-rate-5y,,,3.6%,0.036000000000000004,,,,,3.6%,0.036000000000000004
2025-03-20,03:00 AM,ID,indonesia,M2 Money Supply YoY,FEB,,5.9%,,,,money supply m2,,375483,https://tradingeconomics.com/indonesia/money-supply-m2,,,5.9%,0.059000000000000004,,,,,,
2025-03-20,04:00 AM,ID,indonesia,Tourist Arrivals YoY,JAN,,8.72%,,,,tourist arrivals,INDONESIATOUARR,374222,https://tradingeconomics.com/indonesia/tourist-arrivals,,,8.72%,0.0872,,,,,,
2025-03-20,07:00 AM,DE,germany,PPI YoY,FEB,,0.5%,,,1.0%,producer prices change,GERMANYPROPRICHA,375406,https://tradingeconomics.com/germany/producer-prices-change,,,0.5%,0.005,,,,,1.0%,0.01
2025-03-20,07:00 AM,DE,germany,PPI MoM,FEB,,-0.1%,,,0.1%,producer price inflation mom,DEUPPIM,375405,https://tradingeconomics.com/germany/producer-price-inflation-mom,,,-0.1%,-0.001,,,,,0.1%,0.001
2025-03-20,07:00 AM,GB,united kingdom,Unemployment Rate,JAN,,4.4%,,,4.4%,unemployment rate,UKUEILOR,375037,https://tradingeconomics.com/united-kingdom/unemployment-rate,,,4.4%,0.044000000000000004,,,,,4.4%,0.044000000000000004
2025-03-20,07:00 AM,GB,united kingdom,Average Earnings incl. Bonus (3Mo/Yr),JAN,,6%,,,5.9%,wage growth,UNITEDKINWAGGRO,375035,https://tradingeconomics.com/united-kingdom/wage-growth,,,6%,0.06,,,,,5.9%,0.059000000000000004
2025-03-20,07:00 AM,GB,united kingdom,Employment Change,JAN,,107K,,,,employment change,UNITEDKINEMPCHA,375036,https://tradingeconomics.com/united-kingdom/employment-change,,,107K,107000.0,,,,,,
2025-03-20,07:00 AM,GB,united kingdom,Average Earnings excl. Bonus (3Mo/Yr),JAN,,5.9%,,,5.9%,average earnings excluding bonus,GBRAEEB,375033,https://tradingeconomics.com/united-kingdom/average-earnings-excluding-bonus,,,5.9%,0.059000000000000004,,,,,5.9%,0.059000000000000004
2025-03-20,07:00 AM,GB,united kingdom,HMRC Payrolls Change,FEB,,21K,,,,non farm payrolls,UNITEDKINNONFARPAY,375039,https://tradingeconomics.com/united-kingdom/non-farm-payrolls,,,21K,21000.0,,,,,,
2025-03-20,07:00 AM,GB,united kingdom,Claimant Count Change,FEB,,22K,,,,claimant count change,UNITEDKINCLACOUCHA,375034,https://tradingeconomics.com/united-kingdom/claimant-count-change,,,22K,22000.0,,,,,,
2025-03-20,07:20 AM,ID,indonesia,Loan Growth YoY,FEB,,10.27%,,,,loan growth,INDONESIALOAGRO,375423,https://tradingeconomics.com/indonesia/loan-growth,,,10.27%,0.1027,,,,,,
2025-03-20,09:00 AM,IT,italy,Construction Output YoY,JAN,,-0.6%,,,-1.6%,construction output,ItalyConOut,375749,https://tradingeconomics.com/italy/construction-output,,,-0.6%,-0.006,,,,,-1.6%,-0.016
2025-03-20,09:40 AM,ES,spain,,,,,,,,calendar,ESP CALENDAR,391693,https://tradingeconomics.com/spain/calendar,,,,,,,,,,
2025-03-20,09:40 AM,ES,spain,,,,,,,,calendar,ESP CALENDAR,391692,https://tradingeconomics.com/spain/calendar,,,,,,,,,,
2025-03-20,09:40 AM,ES,spain,,,,,,,,calendar,ESP CALENDAR,391651,https://tradingeconomics.com/spain/calendar,,,,,,,,,,
2025-03-20,10:00 AM,EA,euro area,Construction Output YoY,JAN,,-0.1%,,,0.2%,construction output,EuroAreaConOut,375442,https://tradingeconomics.com/euro-area/Construction-Output,,,-0.1%,-0.001,,,,,0.2%,0.002
2025-03-20,10:00 AM,FR,france,,,,,,,,calendar,FRA CALENDAR,389995,https://tradingeconomics.com/france/calendar,,,,,,,,,,
2025-03-20,11:00 AM,FR,france,,,,,,,,calendar,FRA CALENDAR,389959,https://tradingeconomics.com/france/calendar,,,,,,,,,,
2025-03-20,11:00 AM,FR,france,,,,,,,,calendar,FRA CALENDAR,389978,https://tradingeconomics.com/france/calendar,,,,,,,,,,
2025-03-20,11:00 AM,ZA,south africa,Building Permits YoY,JAN,,12.4%,,,,building permits,SOUTHAFRIBUIPER,375383,https://tradingeconomics.com/south-africa/building-permits,,,12.4%,0.124,,,,,,
2025-03-20,11:00 AM,GB,united kingdom,CBI Industrial Trends Orders,MAR,,-28,,,-30,factory orders,UNITEDKINFACORD,375550,https://tradingeconomics.com/united-kingdom/factory-orders,,,-28,-28.0,,,,,-30,-30.0
2025-03-20,11:30 AM,TR,turkey,Foreign Exchange Reserves,MAR/14,,,,,,foreign exchange reserves,TURKEYFOREXCRES,369464,https://tradingeconomics.com/turkey/foreign-exchange-reserves,,,,,,,,,,
2025-03-20,12:00 PM,MX,mexico,Private Spending QoQ,Q4,,1.1%,,,,consumer spending,,375385,https://tradingeconomics.com/mexico/consumer-spending,,,1.1%,0.011000000000000001,,,,,,
2025-03-20,12:00 PM,MX,mexico,Private Spending YoY,Q4,,2.9%,,,,consumer spending,,375384,https://tradingeconomics.com/mexico/consumer-spending,,,2.9%,0.028999999999999998,,,,,,
2025-03-20,12:00 PM,GB,united kingdom,BoE Interest Rate Decision,,,4.5%,,,4.5%,interest rate,UKBRBASE,389453,https://tradingeconomics.com/united-kingdom/interest-rate,,,4.5%,0.045,,,,,4.5%,0.045
2025-03-20,12:00 PM,GB,united kingdom,BoE MPC Vote Cut,,,,,,,interest rate,UKBRBASE,389469,https://tradingeconomics.com/united-kingdom/interest-rate,,,,,,,,,,
2025-03-20,12:00 PM,GB,united kingdom,BoE MPC Vote Hike,,,,,,,interest rate,UKBRBASE,389477,https://tradingeconomics.com/united-kingdom/interest-rate,,,,,,,,,,
2025-03-20,12:00 PM,GB,united kingdom,BoE MPC Vote Unchanged,,,,,,,interest rate,UKBRBASE,389490,https://tradingeconomics.com/united-kingdom/interest-rate,,,,,,,,,,
2025-03-20,12:00 PM,GB,united kingdom,MPC Meeting Minutes,,,,,,,interest rate,,389461,https://tradingeconomics.com/united-kingdom/interest-rate,,,,,,,,,,
2025-03-20,12:30 PM,CA,canada,PPI MoM,FEB,,1.6%,,,,producer price inflation mom,CANPPIM,375358,https://tradingeconomics.com/canada/producer-price-inflation-mom,,,1.6%,0.016,,,,,,
2025-03-20,12:30 PM,CA,canada,PPI YoY,FEB,,5.8%,,,,producer prices change,CANADAPROPRICHA,375355,https://tradingeconomics.com/canada/producer-prices-change,,,5.8%,0.057999999999999996,,,,,,
2025-03-20,12:30 PM,CA,canada,Raw Materials Prices MoM,FEB,,3.7%,,,0.5%,wholesale prices,CANADAWHOPRI,375357,https://tradingeconomics.com/canada/wholesale-prices,,,3.7%,0.037000000000000005,,,,,0.5%,0.005
2025-03-20,12:30 PM,CA,canada,Raw Materials Prices YoY,FEB,,11.8%,,,10.1%,commodity prices yoy,CANCPY,375356,https://tradingeconomics.com/canada/commodity-prices-yoy,,,11.8%,0.11800000000000001,,,,,10.1%,0.10099999999999999
2025-03-20,12:30 PM,US,united states,Current Account,Q4,,$-310.9B,,,$ -350.0B,current account,USCABAL,375572,https://tradingeconomics.com/united-states/current-account,,,$-310.9B,-310900000000.0,,,,,$ -350.0B,-350000000000.0
2025-03-20,12:30 PM,US,united states,Initial Jobless Claims,MAR/15,,,,,,initial jobless claims,IJCUSA,369465,https://tradingeconomics.com/united-states/jobless-claims,,,,,,,,,,
2025-03-20,12:30 PM,US,united states,Philadelphia Fed Manufacturing Index,MAR,,18.1,,,7,philadelphia fed manufacturing index,UNITEDSTAPHIFEDMANIN,375573,https://tradingeconomics.com/united-states/philadelphia-fed-manufacturing-index,,,18.1,18.1,,,,,7,7.0
2025-03-20,12:30 PM,US,united states,Continuing Jobless Claims,MAR/08,,,,,,continuing jobless claims,UNITEDSTACONJOBCLA,369467,https://tradingeconomics.com/united-states/continuing-jobless-claims,,,,,,,,,,
2025-03-20,12:30 PM,US,united states,Jobless Claims 4-week Average,MAR/15,,,,,,jobless claims 4-week average,UNITEDSTAJC4A,369466,https://tradingeconomics.com/united-states/jobless-claims-4-week-average,,,,,,,,,,
2025-03-20,12:30 PM,US,united states,Philly Fed Business Conditions,MAR,,27.8,,,,philly fed business conditions,USAPFBC,375569,https://tradingeconomics.com/united-states/philly-fed-business-conditions,,,27.8,27.8,,,,,,
2025-03-20,12:30 PM,US,united states,Philly Fed CAPEX Index,MAR,,14.00,,,,philly fed capex index,USAPFCI,375567,https://tradingeconomics.com/united-states/philly-fed-capex-index,,,14.00,14.0,,,,,,
2025-03-20,12:30 PM,US,united states,Philly Fed Employment,MAR,,5.3,,,,philly fed employment,USAPFE,375565,https://tradingeconomics.com/united-states/philly-fed-employment,,,5.3,5.3,,,,,,
2025-03-20,12:30 PM,US,united states,Philly Fed New Orders,MAR,,21.9,,,,philly fed new orders,USAPFNO,375570,https://tradingeconomics.com/united-states/philly-fed-new-orders,,,21.9,21.9,,,,,,
2025-03-20,12:30 PM,US,united states,Philly Fed Prices Paid,MAR,,40.50,,,,philly fed prices paid,USAPFPP,375575,https://tradingeconomics.com/united-states/philly-fed-prices-paid,,,40.50,40.5,,,,,,
2025-03-20,01:00 PM,AR,argentina,Consumer Confidence,MAR,,47.3,,,47.5,consumer confidence,ARCCIND,375769,https://tradingeconomics.com/argentina/consumer-confidence,,,47.3,47.3,,,,,47.5,47.5
2025-03-20,01:00 PM,ZA,south africa,Interest Rate Decision,,,7.5%,,,,interest rate,SARPRT,390429,https://tradingeconomics.com/south-africa/interest-rate,,,7.5%,0.075,,,,,,
2025-03-20,01:00 PM,ZA,south africa,Prime Overdraft Rate,,,11%,,,11.0%,bank lending rate,SOUTHAFRIBANLENRAT,375768,https://tradingeconomics.com/south-africa/bank-lending-rate,,,11%,0.11,,,,,11.0%,0.11
2025-03-20,02:00 PM,US,united states,Existing Home Sales,FEB,,4.08M,,,,existing home sales,UNITEDSTAEXIHOMSAL,375586,https://tradingeconomics.com/united-states/existing-home-sales,,,4.08M,4080000.0,,,,,,
2025-03-20,02:00 PM,US,united states,Existing Home Sales MoM,FEB,,-4.9%,,,,existing home sales mom,USAEHSM,375585,https://tradingeconomics.com/united-states/existing-home-sales-mom,,,-4.9%,-0.049,,,,,,
2025-03-20,02:00 PM,US,united states,,FEB,,,,,,calendar,,375587,https://tradingeconomics.com/united-states/calendar,,,,,,,,,,
2025-03-20,02:30 PM,US,united states,EIA Natural Gas Stocks Change,MAR/14,,,,,,natural gas stocks change,UNITEDSTANATGASSTOCH,369468,https://tradingeconomics.com/united-states/natural-gas-stocks-change,,,,,,,,,,
2025-03-20,03:30 PM,US,united states,4-Week Bill Auction,,,,,,,4 week bill yield,UNITEDSTA4WEEBILYIE,369470,https://tradingeconomics.com/united-states/4-week-bill-yield,,,,,,,,,,
2025-03-20,03:30 PM,US,united states,8-Week Bill Auction,,,,,,,8 week bill yield,USA8WBY,369469,https://tradingeconomics.com/united-states/8-week-bill-yield,,,,,,,,,,
2025-03-20,04:00 PM,US,united states,15-Year Mortgage Rate,MAR/20,,,,,,15 year mortgage rate,USA15YMR,369472,https://tradingeconomics.com/united-states/15-year-mortgage-rate,,,,,,,,,,
2025-03-20,04:00 PM,US,united states,30-Year Mortgage Rate,MAR/20,,,,,,30 year mortgage rate,USA3YMR,369471,https://tradingeconomics.com/united-states/30-year-mortgage-rate,,,,,,,,,,
2025-03-20,05:00 PM,US,united states,10-Year TIPS Auction,,,2.243%,,,,10 year tips yield,USA1YTY,390272,https://tradingeconomics.com/united-states/10-year-tips-yield,,,2.243%,0.02243,,,,,,
2025-03-20,07:00 PM,AR,argentina,Unemployment Rate,Q4,,6.9%,,,7.30%,unemployment rate,ARUERATE,375459,https://tradingeconomics.com/argentina/unemployment-rate,,,6.9%,0.069,,,,,7.30%,0.073
2025-03-20,,EU,european union,,,,,,,,calendar,EUROPEANUCAL,391902,https://tradingeconomics.com/european-union/calendar,,,,,,,,,,
2025-03-20,,TR,turkey,Central Government Debt,FEB,,,,,,government debt,TURKEYGOVDEB,375453,https://tradingeconomics.com/turkey/government-debt,,,,,,,,,,
2025-03-20,,BR,brazil,10-Year NTN-F Auction,,,,,,,government bond 10y,GEBU10Y,391472,https://tradingeconomics.com/brazil/government-bond-yield,,,,,,,,,,
2025-03-20,,BR,brazil,2-Year LTN Auction,,,,,,,2 year note yield,GEBR2Y,391463,https://tradingeconomics.com/brazil/2-year-note-yield,,,,,,,,,,
2025-03-20,,BR,brazil,6-Month LTN Auction,,,14.598%,,,,6 month bill yield,GEBR6M,391455,https://tradingeconomics.com/brazil/6-month-bill-yield,,,14.598%,0.14598,,,,,,
